Serie,Clase,Docu.,Fecha,Serie Ant.,Docu.Ant.,Tipo Cambio Oper.,Operador,Fecha Reg.,Hora Reg.,Nombre de Nivel 1,Nombre de Nivel 2,Código Contable,Código de Detalle,Nombre de la Cuenta de Detalle,Comentario,Unidades,Débito,Crédito
CD,COMPROBANTE DE DIARIO,980,3/3/2026,CD-A,4883,36.6243,LORENA HERRERA,3/3/2026,1:40:41 p. m.,INVENTARIO,NURSERY,1 1 05 01 3  8058664133673,8058664133673,TALCUM POWDER 150GR BABY MOMENTS PACK1,TALCUM POWDER 150GR BABY MOMEN,0,27.72882096,0
CD,COMPROBANTE DE DIARIO,980,3/3/2026,CD-A,4883,36.6243,LORENA HERRERA,3/3/2026,1:40:41 p. m.,COSTO DE VENTA,COSTO DE VENTA,5 1 01 01   01,1,COSTO DEL PRODUCTO VENDIDO,COSTO DEL PRODUCTO VENDIDO,0,0,27.72882096
CD-A,COMPROBANTE DE DIARIO,4883,3/3/2026,CD-A,4883,36.6243,LORENA HERRERA,3/3/2026,1:40:41 p. m.,INVENTARIO,NURSERY,1 1 05 01 3  8058664133673,8058664133673,TALCUM POWDER 150GR BABY MOMENTS PACK1,RECLASIFICACION DE INVENTARIO,14,1132.393186,0
CD-A,COMPROBANTE DE DIARIO,4883,3/3/2026,CD-A,4883,36.6243,LORENA HERRERA,3/3/2026,1:40:41 p. m.,INVENTARIO,CHICCO,1 1 05 18 05 5 8058664178391,8058664178391,NUEV TALCO POLVO BM 150GR,RECLASIFICACION DE INVENTARIO,12,0,1132.393186
CD-A,COMPROBANTE DE DIARIO,4884,3/3/2026,CD-A,4884,36.6243,LORENA HERRERA,3/3/2026,4:38:22 p. m.,INVENTARIO,CHICCO,1 1 05 18 05 5 8058664173778,8058664173778,NUEV TOALLAS HUMEDAS DELICADAS C/COVER 72PZ+F,RECLASIFICACION DE INVENETARIO,48,0,3320.8451
CD-A,COMPROBANTE DE DIARIO,4884,3/3/2026,CD-A,4884,36.6243,LORENA HERRERA,3/3/2026,4:38:22 p. m.,INVENTARIO,CHICCO,1 1 05 18 01 02 8058664080199,8058664080199,TOALLAS HUME CHICCO 72Z S/COVER LT 1023034060,RECLASIFICACION DE INVENETARIO,48,3320.8451,0
CD-A,COMPROBANTE DE DIARIO,4896,5/3/2026,CD-A,4896,36.6243,LORENA HERRERA,5/3/2026,2:03:40 p. m.,INVENTARIO,CHICCO,1 1 05 18 05 5 8058664178391,8058664178391,NUEV TALCO POLVO BM 150GR,RECLASIFCICACION DE INVENTARIO,6,0,566.1966398
CD-A,COMPROBANTE DE DIARIO,4896,5/3/2026,CD-A,4896,36.6243,LORENA HERRERA,5/3/2026,2:03:40 p. m.,INVENTARIO,NURSERY,1 1 05 01 3  8058664133673,8058664133673,TALCUM POWDER 150GR BABY MOMENTS PACK1,RECLASIFCICACION DE INVENTARIO,6,600,0
CD-A,COMPROBANTE DE DIARIO,4896,5/3/2026,CD-A,4896,36.6243,LORENA HERRERA,5/3/2026,2:03:40 p. m.,INVENTARIO,NURSERY,1 1 05 01 02  8058664144242,8058664144242,BOPPY PILLOW COTTON SCOVER GRAY,RECLASIFCICACION DE INVENTARIO,1,0,997.4987909
CD-A,COMPROBANTE DE DIARIO,4896,5/3/2026,CD-A,4896,36.6243,LORENA HERRERA,5/3/2026,2:03:40 p. m.,INVENTARIO,NURSERY,1 1 05 01 02  8003670892595,8003670892595,BOPPY BARE NAKED MIRACLE MIDDLE PILLOW,RECLASIFCICACION DE INVENTARIO,1,882.8019,0
CD-A,COMPROBANTE DE DIARIO,4896,5/3/2026,CD-A,4896,36.6243,LORENA HERRERA,5/3/2026,2:03:40 p. m.,INVENTARIO,CHICCO,1 1 05 18 05 3 8003670797456,8003670797456,CEPILLO LAVAPACHAS- BOTTLE BRUSH (3 EN 1),RECLASIFCICACION DE INVENTARIO,5,0,537.579662
CD-A,COMPROBANTE DE DIARIO,4896,5/3/2026,CD-A,4896,36.6243,LORENA HERRERA,5/3/2026,2:03:40 p. m.,INVENTARIO,NURSERY,1 1 05 01 02  8059147060073,8059147060073,BOTTLE BRUSH SET-CEPILO LAVAPACHAS,RECLASIFCICACION DE INVENTARIO,5,446.114375,0
CD-A,COMPROBANTE DE DIARIO,4896,5/3/2026,CD-A,4896,36.6243,LORENA HERRERA,5/3/2026,2:03:40 p. m.,INVENTARIO,CHICCO,1 1 05 18 05 1 8058664081301,8058664081301,VASO ENTRENADOR TRANS,RECLASIFCICACION DE INVENTARIO,6,1559.99345,0
CD-A,COMPROBANTE DE DIARIO,4896,5/3/2026,CD-A,4896,36.6243,LORENA HERRERA,5/3/2026,2:03:40 p. m.,INVENTARIO,CHICCO,1 1 05 18 05 1 8058664069989,8058664069989,VASO ENTRENADOR TRANSICION 4M+ NIÑO 7OZ,RECLASIFCICACION DE INVENTARIO,6,0,1028.675273
CD-A,COMPROBANTE DE DIARIO,4896,5/3/2026,CD-A,4896,36.6243,LORENA HERRERA,5/3/2026,2:03:40 p. m.,INVENTARIO,CHICCO,1 1 05 18 05 1 8058664081356,8058664081356,VASO ENTRENADOR SURT ADVAN 12M 266ML,RECLASIFCICACION DE INVENTARIO,3,900,0
CD-A,COMPROBANTE DE DIARIO,4896,5/3/2026,CD-A,4896,36.6243,LORENA HERRERA,5/3/2026,2:03:40 p. m.,INVENTARIO,CHICCO,1 1 05 18 05 1 8058664121502,8058664121502,VASO ENTRENADOR GLOWING CUP 14M+ PINK,RECLASIFCICACION DE INVENTARIO,3,0,996.1244461
CD-A,COMPROBANTE DE DIARIO,4896,5/3/2026,CD-A,4896,36.6243,LORENA HERRERA,5/3/2026,2:03:40 p. m.,INVENTARIO,CHICCO,1 1 05 18 05 1 8058664081363,8058664081363,VASO ENTRENADOR ADVANCE 12M+ 266ML SURT,RECLASIFCICACION DE INVENTARIO,1,600,0
CD-A,COMPROBANTE DE DIARIO,4896,5/3/2026,CD-A,4896,36.6243,LORENA HERRERA,5/3/2026,2:03:40 p. m.,INVENTARIO,CHICCO,1 1 05 18 05 1 8058664121526,8058664121526,VASO ENTRENADOR GLOWING CUP 14M+ LIGHT BLUE,RECLASIFCICACION DE INVENTARIO,3,0,996.1244461
CD-A,COMPROBANTE DE DIARIO,4896,5/3/2026,CD-A,4896,36.6243,LORENA HERRERA,5/3/2026,2:03:40 p. m.,INVENTARIO,CHICCO,1 1 05 18 05 1 8058664081400,8058664081400,VASO ENTRENADOR SURT EASY 12M 266ML,RECLASIFCICACION DE INVENTARIO,3,600,0
CD-A,COMPROBANTE DE DIARIO,4896,5/3/2026,CD-A,4896,36.6243,LORENA HERRERA,5/3/2026,2:03:40 p. m.,INVENTARIO,CHICCO,1 1 05 18 05 1 8058664070008,8058664070008,VASO ENTRENADOR TRAINING CUP 6M+ GIRL,RECLASIFCICACION DE INVENTARIO,3,0,466.7104678
CD-A,COMPROBANTE DE DIARIO,4897,5/3/2026,CD-A,4897,36.6243,Auxiliar Contable,5/3/2026,2:27:35 p. m.,INVENTARIO,CHICCO,1 1 05 18 05 3 8058664153749,8058664153749,BIBERON NATURAL 6M 330ML ROSA NUEVO,RECLASIFICACION DE INVENTARIO,6,863.7776287,0
CD-A,COMPROBANTE DE DIARIO,4897,5/3/2026,CD-A,4897,36.6243,Auxiliar Contable,5/3/2026,2:27:35 p. m.,INVENTARIO,CHICCO,1 1 05 18 05 3 8058664153978,8058664153978,BIBERON PERFECT5 PP GRL 300 FAST SIL,RECLASIFICACION DE INVENTARIO,6,0,915.7303287
CD-A,COMPROBANTE DE DIARIO,4897,5/3/2026,CD-A,4897,36.6243,Auxiliar Contable,5/3/2026,2:27:35 p. m.,CUENTAS POR PAGAR CORTO PLAZO,OTRAS CUENTAS POR PAGAR,2 1 01 05 02  01,1,CUENTA TRANSITORIA,RECLASIFICACION DE INVENTARIO,0,51.9527,0
CD-A,COMPROBANTE DE DIARIO,4898,5/3/2026,CD-A,4898,36.6243,LORENA HERRERA,5/3/2026,4:06:11 p. m.,INVENTARIO,HILASAL,1 1 05 23 4 1 087631254606,87631254606,3793-25460-1-TOALLA DE PLAYA AZUL MARINO GREC,RECLASIFCICACION DE INVENTARIO,1,104.2969364,0
CD-A,COMPROBANTE DE DIARIO,4898,5/3/2026,CD-A,4898,36.6243,LORENA HERRERA,5/3/2026,4:06:11 p. m.,INVENTARIO,HILASAL,1 1 05 23 8 1 087631607174,87631607174,5733-TOALLA BAÑO AZUL GRIS 941 CLASSIC 087631,RECLASIFCICACION DE INVENTARIO,6,0,404.5249999
CD-A,COMPROBANTE DE DIARIO,4898,5/3/2026,CD-A,4898,36.6243,LORENA HERRERA,5/3/2026,4:06:11 p. m.,INVENTARIO,HILASAL,1 1 05 23 2 1 087631041466,87631041466,T-36-TOALLA BAÑO PEACH 534-ELITE-25.5x12x20,RECLASIFCICACION DE INVENTARIO,1,0,147.4750003
CD-A,COMPROBANTE DE DIARIO,4898,5/3/2026,CD-A,4898,36.6243,LORENA HERRERA,5/3/2026,4:06:11 p. m.,INVENTARIO,HILASAL,1 1 05 23 2 1 087631596225,87631596225,T-36-TOALLA BAÑO CELESTE 218-ELITE-25.5x12x20,RECLASIFCICACION DE INVENTARIO,15,0,2212.124993
CD-A,COMPROBANTE DE DIARIO,4898,5/3/2026,CD-A,4898,36.6243,LORENA HERRERA,5/3/2026,4:06:11 p. m.,INVENTARIO,HILASAL,1 1 05 23 3 1 087631220779,87631220779,3498-TOALLA BAÑO CAMEL-MAJESTIC-20.75x15x19.5,RECLASIFCICACION DE INVENTARIO,2,405.5562,0
CD-A,COMPROBANTE DE DIARIO,4898,5/3/2026,CD-A,4898,36.6243,LORENA HERRERA,5/3/2026,4:06:11 p. m.,INVENTARIO,HILASAL,1 1 05 23 3 1 087631220816,87631220816,3498-TOALLA BAÑO VDE. MUSGO 30-MAJESTIC-20.75,RECLASIFCICACION DE INVENTARIO,1,202.7781333,0
CD-A,COMPROBANTE DE DIARIO,4898,5/3/2026,CD-A,4898,36.6243,LORENA HERRERA,5/3/2026,4:06:11 p. m.,INVENTARIO,HILASAL,1 1 05 23 3 1 087631220830,87631220830,3498-TOALLA BAÑO IVORY-MAJESTIC-20.75x15x19.5,RECLASIFCICACION DE INVENTARIO,6,1214.199311,0
CD-A,COMPROBANTE DE DIARIO,4898,5/3/2026,CD-A,4898,36.6243,LORENA HERRERA,5/3/2026,4:06:11 p. m.,INVENTARIO,HILASAL,1 1 05 23 3 1 087631220922,87631220922,3498-TOALLA BAÑO AZUL MARINO-MAJESTIC-20.75x1,RECLASIFCICACION DE INVENTARIO,6,909.6336,0
CD-A,COMPROBANTE DE DIARIO,4898,5/3/2026,CD-A,4898,36.6243,LORENA HERRERA,5/3/2026,4:06:11 p. m.,INVENTARIO,HILASAL,1 1 05 23 7 1 87801299991,87801299991,D-8012-TOALLA DE BAÑO SURTIDA,RECLASIFCICACION DE INVENTARIO,24,3190.442118,0
CD-A,COMPROBANTE DE DIARIO,4898,5/3/2026,CD-A,4898,36.6243,LORENA HERRERA,5/3/2026,4:06:11 p. m.,INVENTARIO,HILASAL,1 1 05 23 5 1 087631255658,87631255658,5331-TOALLA PLAYA CA RACER-20.75x15x16.5,RECLASIFCICACION DE INVENTARIO,6,0,796.3650015
CD-A,COMPROBANTE DE DIARIO,4898,5/3/2026,CD-A,4898,36.6243,LORENA HERRERA,5/3/2026,4:06:11 p. m.,INVENTARIO,HILASAL,1 1 05 23 5 1 087631255252,87631255252,5331-TOALLA PLAYA MNJ PINK MIN-20.75x15x16.5,RECLASIFCICACION DE INVENTARIO,6,0,796.3650015
CD-A,COMPROBANTE DE DIARIO,4898,5/3/2026,CD-A,4898,36.6243,LORENA HERRERA,5/3/2026,4:06:11 p. m.,INVENTARIO,HILASAL,1 1 05 23 3 1 087631255696,87631255696,5331-TOALLA PLAYA SP SPIDER WA-MAJESTIC/HILAS,RECLASIFCICACION DE INVENTARIO,6,0,796.3650015
CD-A,COMPROBANTE DE DIARIO,4898,5/3/2026,CD-A,4898,36.6243,LORENA HERRERA,5/3/2026,4:06:11 p. m.,INVENTARIO,HILASAL,1 1 05 23 5 1 087631238972,87631238972,5331-TOALLA PLAYA CA OFF ROAD-20.75x15x16.5,RECLASIFCICACION DE INVENTARIO,6,0,796.3650015
CD-A,COMPROBANTE DE DIARIO,4898,5/3/2026,CD-A,4897,36.6243,LORENA HERRERA,5/3/2026,4:06:11 p. m.,CUENTAS POR PAGAR CORTO PLAZO,OTRAS CUENTAS POR PAGAR,2 1 01 05 02  01,1,CUENTA TRANSITORIA,RECLASIFCICACION DE INVENTARIO,0,0,77.3213
CD-A,COMPROBANTE DE DIARIO,4899,5/3/2026,CD-A,4899,36.6243,LORENA HERRERA,6/3/2026,12:23:33 p. m.,INVENTARIO,CHICCO,1 1 05 18 05 1 8058664081264,8058664081264,VASO ENTRENADOR SURT TRANS 4M 200ML,RECLASIFCICACION DE INVENTARIO,18,3093.216536,0
CD-A,COMPROBANTE DE DIARIO,4899,5/3/2026,CD-A,4899,36.6243,LORENA HERRERA,6/3/2026,12:23:33 p. m.,INVENTARIO,CHICCO,1 1 05 18 05 1 8058664069972,8058664069972,VASO ENTRENADOR TRANSICION 4M NIñA 7OZ,RECLASIFCICACION DE INVENTARIO,12,0,2064.541263
CD-A,COMPROBANTE DE DIARIO,4899,5/3/2026,CD-A,4899,36.6243,LORENA HERRERA,6/3/2026,12:23:33 p. m.,INVENTARIO,CHICCO,1 1 05 18 05 1 8058664069989,8058664069989,VASO ENTRENADOR TRANSICION 4M+ NIÑO 7OZ,RECLASIFCICACION DE INVENTARIO,6,0,1028.675273
CD-A,COMPROBANTE DE DIARIO,4906,9/3/2026,CD-A,4906,36.6243,Auxiliar Contable,13/3/2026,3:37:44 p. m.,CUENTAS POR COBRAR,SUPERMERCADOS,1 1 03 01 01 2 49,49,"CASA MANTICA, S.A. - RUBENIA",COREECION DEVOLUCION 3553,0,3421.25,0
CD-A,COMPROBANTE DE DIARIO,4906,9/3/2026,FC-C,60036,36.6243,Auxiliar Contable,13/3/2026,3:37:44 p. m.,CUENTAS POR COBRAR,SUPERMERCADOS,1 1 03 01 01 2 446,446,"CASA MANTICA, S.A. - CENTRO DE DISTRIBUC",COREECION DEVOLUCION 3553,0,0,3421.25
CD-A,COMPROBANTE DE DIARIO,4901,10/3/2026,CD-A,4901,36.6243,Darling Gutierrez,10/3/2026,7:32:22 a. m.,INVENTARIO,HILASAL,1 1 05 23 3 1 087631220922,87631220922,3498-TOALLA BAÑO AZUL MARINO-MAJESTIC-20.75x1,RECLASIFICACION DE INVENTARIO,12,1819.267194,0
CD-A,COMPROBANTE DE DIARIO,4901,10/3/2026,CD-A,4901,36.6243,Darling Gutierrez,10/3/2026,7:32:22 a. m.,INVENTARIO,HILASAL,1 1 05 23 2 1 087631596225,87631596225,T-36-TOALLA BAÑO CELESTE 218-ELITE-25.5x12x20,RECLASIFICACION DE INVENTARIO,12,0,1769.699994
CD-A,COMPROBANTE DE DIARIO,4901,10/3/2026,CD-A,4901,36.6243,Darling Gutierrez,10/3/2026,7:32:22 a. m.,CUENTAS POR PAGAR CORTO PLAZO,OTRAS CUENTAS POR PAGAR,2 1 01 05 02  01,1,CUENTA TRANSITORIA,RECLASIFICACION DE INVENTARIO,0,0,49.5672
CD-A,COMPROBANTE DE DIARIO,4902,10/3/2026,CD-A,4902,36.6243,LORENA HERRERA,10/3/2026,5:10:29 p. m.,INVENTARIO,FACELA,1 1 05 16 01 05 768497127388,768497127388,PT12738-BOLIGRAFO COMFORT AZ/NG BLISTER 2 UND,RECLASIFICIACION DE INVENTARIO,120,1058.59585,0
CD-A,COMPROBANTE DE DIARIO,4902,10/3/2026,CD-A,4902,36.6243,LORENA HERRERA,10/3/2026,5:10:29 p. m.,INVENTARIO,FACELA,1 1 05 16 01 05 768497166219,768497166219,PT16621-BOLIGRAFO COMFORT ROJO DOCENA,RECLASIFICIACION DE INVENTARIO,12,0,428.9591493
CD-A,COMPROBANTE DE DIARIO,4902,10/3/2026,CD-A,4902,36.6243,LORENA HERRERA,10/3/2026,5:10:29 p. m.,INVENTARIO,FACELA,1 1 05 16 2 1 768497166202,768497166202,PT16620-BOLIGRAFO COMFORT AZUL DOCENA,RECLASIFICIACION DE INVENTARIO,4,0,142.9863831
CD-A,COMPROBANTE DE DIARIO,4902,10/3/2026,CD-A,4902,36.6243,LORENA HERRERA,10/3/2026,5:10:29 p. m.,INVENTARIO,FACELA,1 1 05 16 01 05 768497166196,768497166196,PT16619-BOLIGRAFO COMFORT NEGRO DOCENA,RECLASIFICIACION DE INVENTARIO,4,0,142.9863831
CD-A,COMPROBANTE DE DIARIO,4902,10/3/2026,CD-A,4902,36.6243,LORENA HERRERA,10/3/2026,5:10:29 p. m.,INVENTARIO,FACELA,1 1 05 16 01 09 768497111035,768497111035,PT11103-LAPIZ ARISTOS DOCENA,RECLASIFICIACION DE INVENTARIO,36,734.3717048,0
CD-A,COMPROBANTE DE DIARIO,4902,10/3/2026,CD-A,4902,36.6243,LORENA HERRERA,10/3/2026,5:10:29 p. m.,INVENTARIO,FACELA,1 1 05 16 01 09 768497111127,768497111127,PT11112-LAPIZ ESCOLAR SURTIDO DOCENA,RECLASIFICIACION DE INVENTARIO,36,0,778.5153206
CD-A,COMPROBANTE DE DIARIO,4902,10/3/2026,CD-A,4902,36.6243,LORENA HERRERA,10/3/2026,5:10:29 p. m.,INVENTARIO,CHICCO,1 1 05 18 05 5 8058664173778,8058664173778,NUEV TOALLAS HUMEDAS DELICADAS C/COVER 72PZ+F,RECLASIFICIACION DE INVENTARIO,60,0,4151.056319
CD-A,COMPROBANTE DE DIARIO,4902,10/3/2026,CD-A,4902,36.6243,LORENA HERRERA,10/3/2026,5:10:29 p. m.,INVENTARIO,CHICCO,1 1 05 18 01 02 8058664080199,8058664080199,TOALLAS HUME CHICCO 72Z S/COVER LT 1023034060,RECLASIFICIACION DE INVENTARIO,60,3851.536,0
CD-A,COMPROBANTE DE DIARIO,4903,11/3/2026,CD-A,4903,36.6243,Darling Gutierrez,11/3/2026,11:11:15 a. m.,INVENTARIO,FACELA,1 1 05 16 01 15 768497167544,768497167544,PT16754-RESMA PAPEL BOND FACELA T/CARTA 8.5x1,PT16754-RESMA PAPEL BOND FACEL,12,0,1184.092115
CD-A,COMPROBANTE DE DIARIO,4903,11/3/2026,CD-A,4903,36.6243,Darling Gutierrez,11/3/2026,11:11:15 a. m.,INVENTARIO,FACELA,1 1 05 16 2 1 PT34417,PT34417,PT34417-MARCADOR PERMANENTE P/CINCEL NEGRO DO,PT34417-MARCADOR PERMANENTE P/,1,0,55.63422027
CD-A,COMPROBANTE DE DIARIO,4903,11/3/2026,CD-A,4903,36.6243,Darling Gutierrez,11/3/2026,11:11:15 a. m.,INVENTARIO,FACELA,1 1 05 16 01 13 768497135284,768497135284,PT13528-ORDER BOOK 144 PAGINAS FACELA,PT13528-ORDER BOOK 144 PAGINAS,1,0,28.96470405
CD-A,COMPROBANTE DE DIARIO,4903,11/3/2026,CD-A,4903,36.6243,Darling Gutierrez,11/3/2026,11:11:15 a. m.,INVENTARIO,FACELA,1 1 05 16 01 13 768497166707,768497166707,PT16670-CLIP PLASTICO DE COLORES 33 MM FACELA,PT16670-CLIP PLASTICO DE COLOR,6,0,27.70584169
CD-A,COMPROBANTE DE DIARIO,4903,11/3/2026,CD-A,4903,36.6243,Darling Gutierrez,11/3/2026,11:11:15 a. m.,INVENTARIO,FACELA,1 1 05 16 2 1 778498000979,778498000979,PT92647-ARCHIVADOR FACELA DE PALANCA TAM/CART,PT92647-ARCHIVADOR FACELA DE P,20,0,608.4828654
CD-A,COMPROBANTE DE DIARIO,4903,11/3/2026,CD-A,4903,36.6243,Darling Gutierrez,11/3/2026,11:11:15 a. m.,INVENTARIO,FACELA,1 1 05 16 01 08 778497997348,778497997348,PT15019-MARCADOR PLAST ACRILI FAC P/RED AZUL,PT15019-MARCADOR PLAST ACRILI,17,0,1400.787318
CD-A,COMPROBANTE DE DIARIO,4903,11/3/2026,CD-A,4903,36.6243,Darling Gutierrez,11/3/2026,11:11:15 a. m.,INVENTARIO,FACELA,1 1 05 16 2 1 7684976006155,7684976006155,CINTA ADHESIVA 2X100 UNIDAD,CINTA ADHESIVA 2X100 UNIDAD,50,0,2138.49097
CD-A,COMPROBANTE DE DIARIO,4903,11/3/2026,CD-A,4903,36.6243,Darling Gutierrez,11/3/2026,11:11:15 a. m.,INVENTARIO,FACELA,1 1 05 16 01 08 778497997331,778497997331,PT15018-MARCADOR PLAST ACRILICO FAC P/RED NEG,PT15018-MARCADOR PLAST ACRILIC,20,0,233.1100527
CD-A,COMPROBANTE DE DIARIO,4903,11/3/2026,CD-A,4903,36.6243,Darling Gutierrez,11/3/2026,11:11:15 a. m.,INVENTARIO,FACELA,1 1 05 16 2 1 PT34417,PT34417,PT34417-MARCADOR PERMANENTE P/CINCEL NEGRO DO,PT34417-MARCADOR PERMANENTE P/,12,0,667.6106432
CD-A,COMPROBANTE DE DIARIO,4903,11/3/2026,CD-A,4903,36.6243,Darling Gutierrez,11/3/2026,11:11:15 a. m.,INVENTARIO,FACELA,1 1 05 16 2 1 PT34419,PT34419,PT34419-MARCADOR PERMANENTE P/CINCEL AZUL DOC,PT34419-MARCADOR PERMANENTE P/,12,0,667.6106438
CD-A,COMPROBANTE DE DIARIO,4903,11/3/2026,CD-A,4903,36.6243,Darling Gutierrez,11/3/2026,11:11:15 a. m.,GASTOS DE OPERACION,GASTOS DE ADMINISTRACION,6 1 01 01 02  004,4,PAPELERIA Y UTILES DE OFICINA,PAPELERIA Y UTILES DE OFICINA,0,7012.489375,0
CD-A,COMPROBANTE DE DIARIO,4904,11/3/2026,CD-A,4904,36.6243,Darling Gutierrez,11/3/2026,11:33:23 a. m.,INVENTARIO,CHICCO,1 1 05 18 05 5 8058664138388,8058664138388,NUEV SHAMPU BM 500ML S/LAG LT,NUEV SHAMPU BM 500ML S/LAG LT,2,0,219.9314721
CD-A,COMPROBANTE DE DIARIO,4904,11/3/2026,CD-A,4904,36.6243,Darling Gutierrez,11/3/2026,11:33:23 a. m.,INVENTARIO,SWEET CAREFOR,1 1 05 25 1  850026693348,850026693348,SWEET CAREFOR 99.9% Water Baby Wipes 3PACK/BT,SWEET CAREFOR 99.9% Water Baby,2,0,250.5977426
CD-A,COMPROBANTE DE DIARIO,4904,11/3/2026,CD-A,4904,36.6243,Darling Gutierrez,11/3/2026,11:33:23 a. m.,INVENTARIO,NUVEL,1 1 05 22 1  7501082771305,7501082771305,NUVEL CREMA PARA PEINAR PLACENTA Y VITAMINA B,NUVEL CREMA PARA PEINAR PLACEN,1,0,35.70668277
CD-A,COMPROBANTE DE DIARIO,4904,11/3/2026,CD-A,4904,36.6243,Darling Gutierrez,11/3/2026,11:33:23 a. m.,INVENTARIO,CHICCO,1 1 05 18 05 5 8058664129386,8058664129386,NUEV GEL DE BAÑO BM 500ML KIDS LT1025,NUEV GEL DE BAÑO BM 500ML KIDS,6,0,1014.83291
CD-A,COMPROBANTE DE DIARIO,4904,11/3/2026,CD-A,4904,36.6243,Darling Gutierrez,11/3/2026,11:33:23 a. m.,INVENTARIO,FACELA,1 1 05 16 01 12 768497970113,768497970113,PT17010DA-CUADERNO SPIRAL#1 70HOJAS 1 MAT RAY,PT17010DA-CUADERNO SPIRAL#1 70,3,0,53.40885146
CD-A,COMPROBANTE DE DIARIO,4904,11/3/2026,CD-A,4904,36.6243,Darling Gutierrez,11/3/2026,11:33:23 a. m.,INVENTARIO,FACELA,1 1 05 16 01 12 768497170193,768497170193,"PT17019DA-CUADERNO ESPIRAL #3, 70 HO 1 MAT CU","PT17019DA-CUADERNO ESPIRAL #3,",3,0,74.35853614
CD-A,COMPROBANTE DE DIARIO,4904,11/3/2026,CD-A,4904,36.6243,Darling Gutierrez,11/3/2026,11:33:23 a. m.,GASTOS DE OPERACION,GASTOS DE VENTA,6 1 01 02 03  090,90,MUESTRAS A CLIENTES,MUESTRAS A CLIENTES,0,1648.836195,0
CD-A,COMPROBANTE DE DIARIO,4905,13/3/2026,CD-A,4905,36.6243,LORENA HERRERA,13/3/2026,12:33:49 p. m.,INVENTARIO,NURSERY,1 1 05 01 3  8058664022656.,8058664022656,SET CREMA+CEPILLO DENT SURT2663-2656-2649,RELCLASIFICACION DE INVENTARO,72,17976.85119,0
CD-A,COMPROBANTE DE DIARIO,4905,13/3/2026,CD-A,4905,36.6243,LORENA HERRERA,13/3/2026,12:33:49 p. m.,INVENTARIO,CHICCO,1 1 05 18 02 1 8058664175529,8058664175529,SET DENTAL. CEPILLO AZUL 6+,RELCLASIFICACION DE INVENTARO,36,0,8988.161353
CD-A,COMPROBANTE DE DIARIO,4905,13/3/2026,CD-A,4905,36.6243,LORENA HERRERA,13/3/2026,12:33:49 p. m.,INVENTARIO,CHICCO,1 1 05 18 02 1 8058664175536,8058664175536,SET DENTAL. CEPILLO LILA 6+,RELCLASIFICACION DE INVENTARO,36,0,8988.689813
CD-A,COMPROBANTE DE DIARIO,4905,13/3/2026,CD-A,4905,36.6243,LORENA HERRERA,13/3/2026,12:33:49 p. m.,INVENTARIO,CHICCO,1 1 05 18 05 1 8058664081264,8058664081264,VASO ENTRENADOR SURT TRANS 4M 200ML,RELCLASIFICACION DE INVENTARO,24,4129.0825,0
CD-A,COMPROBANTE DE DIARIO,4905,13/3/2026,CD-A,4905,36.6243,LORENA HERRERA,13/3/2026,12:33:49 p. m.,INVENTARIO,CHICCO,1 1 05 18 05 1 8058664069972,8058664069972,VASO ENTRENADOR TRANSICION 4M NIñA 7OZ,RELCLASIFICACION DE INVENTARO,24,0,4129.082526
CD-A,COMPROBANTE DE DIARIO,4907,18/3/2026,CD-A,4907,36.6243,Auxiliar Contable,18/3/2026,11:16:54 a. m.,INVENTARIO,CHICCO,1 1 05 18 9 1 8058664140169,8058664140169,POLLY EASY HIGCHAIR GIRAFE,REGALIA CASA MANTICA,1,0,3144.063272
CD-A,COMPROBANTE DE DIARIO,4907,18/3/2026,CD-A,4907,36.6243,Auxiliar Contable,18/3/2026,11:16:54 a. m.,GASTOS DE OPERACION,GASTOS DE VENTA,6 1 01 02 03  208,208,PRODUCTO BONIFICADO / REGALIA,REGALIA CASA MANTICA,0,3144.063272,0
CD-A,COMPROBANTE DE DIARIO,4908,18/3/2026,CD-A,4908,36.6243,Auxiliar Contable,18/3/2026,2:25:35 p. m.,CUENTAS POR COBRAR,MANAGUA,1 1 03 13   591,591,CLIENTE OFICINA NOVEDOSA,COREECION DE METODO DE PAGO FC,0,1097.29,0
CD-A,COMPROBANTE DE DIARIO,4908,18/3/2026,CD-A,4908,36.6243,Auxiliar Contable,18/3/2026,2:25:35 p. m.,CAJA,CAJA GENERAL,1 1 01 01   01,1,EFECTIVO EN CAJA GENERAL,COREECION DE METODO DE PAGO FC,0,0,1097.29
CD-A,COMPROBANTE DE DIARIO,4909,18/3/2026,CD-A,4909,36.6243,LORENA HERRERA,18/3/2026,3:28:32 p. m.,INVENTARIO,CHICCO,1 1 05 18 05 5 8058664173778,8058664173778,NUEV TOALLAS HUMEDAS DELICADAS C/COVER 72PZ+F,RECLASIFCICACION DE INVENTARIO,125,0,8648.034015
CD-A,COMPROBANTE DE DIARIO,4909,18/3/2026,CD-A,4909,36.6243,LORENA HERRERA,18/3/2026,3:28:32 p. m.,INVENTARIO,CHICCO,1 1 05 18 01 02 8058664080199,8058664080199,TOALLAS HUME CHICCO 72Z S/COVER LT 1023034060,RECLASIFCICACION DE INVENTARIO,120,7698.1347,0
CD-A,COMPROBANTE DE DIARIO,4909,18/3/2026,CD-A,4909,36.6243,LORENA HERRERA,18/3/2026,3:28:32 p. m.,INVENTARIO,FACELA,1 1 05 16 01 08 768497145191,768497145191,PT14519-CRAYONES DE CERA JUMBO 12 COLORES,RECLASIFCICACION DE INVENTARIO,120,2905.656078,0
CD-A,COMPROBANTE DE DIARIO,4909,18/3/2026,CD-A,4909,36.6243,LORENA HERRERA,18/3/2026,3:28:32 p. m.,INVENTARIO,FACELA,1 1 05 16 01 08 768497145344,768497145344,PT14534-CRAYONES DE CERA CARIBE 12 COLORES,RECLASIFCICACION DE INVENTARIO,144,0,2598.857713
CD-A,COMPROBANTE DE DIARIO,4909,18/3/2026,CD-A,4909,36.6243,LORENA HERRERA,18/3/2026,3:28:32 p. m.,INVENTARIO,FACELA,1 1 05 16 01 09 768497111035,768497111035,PT11103-LAPIZ ARISTOS DOCENA,RECLASIFCICACION DE INVENTARIO,24,489.5811365,0
CD-A,COMPROBANTE DE DIARIO,4909,18/3/2026,CD-A,4909,36.6243,LORENA HERRERA,18/3/2026,3:28:32 p. m.,INVENTARIO,FACELA,1 1 05 16 01 09 768497111127,768497111127,PT11112-LAPIZ ESCOLAR SURTIDO DOCENA,RECLASIFCICACION DE INVENTARIO,24,0,519.0102137
CD-A,COMPROBANTE DE DIARIO,4909,18/3/2026,CD-A,4909,36.6243,LORENA HERRERA,18/3/2026,3:28:32 p. m.,INVENTARIO,FACELA,1 1 05 16 01 10 768497014558,768497014558,PT01455-MARCADORES TRIANGULAR C/ESTUCHE PLAST,RECLASIFCICACION DE INVENTARIO,28,1117.035065,0
CD-A,COMPROBANTE DE DIARIO,4909,18/3/2026,CD-A,4909,36.6243,LORENA HERRERA,18/3/2026,3:28:32 p. m.,INVENTARIO,FACELA,1 1 05 16 01 05 768497127388,768497127388,PT12738-BOLIGRAFO COMFORT AZ/NG BLISTER 2 UND,RECLASIFCICACION DE INVENTARIO,24,211.7191781,0
CD-A,COMPROBANTE DE DIARIO,4909,18/3/2026,CD-A,4909,36.6243,LORENA HERRERA,18/3/2026,3:28:32 p. m.,INVENTARIO,FACELA,1 1 05 16 01 05 768497166219,768497166219,PT16621-BOLIGRAFO COMFORT ROJO DOCENA,RECLASIFCICACION DE INVENTARIO,4,0,142.9863831
CD-A,COMPROBANTE DE DIARIO,4909,18/3/2026,CD-A,4909,36.6243,LORENA HERRERA,18/3/2026,3:28:32 p. m.,INVENTARIO,FACELA,1 1 05 16 2 1 7684976006155,7684976006155,CINTA ADHESIVA 2X100 UNIDAD,RECLASIFCICACION DE INVENTARIO,12,0,513.2378329
CD-A,COMPROBANTE DE DIARIO,4910,18/3/2026,CD-A,4910,36.6243,LORENA HERRERA,18/3/2026,4:32:42 p. m.,INVENTARIO,FACELA,1 1 05 16 01 05 768497127388,768497127388,PT12738-BOLIGRAFO COMFORT AZ/NG BLISTER 2 UND,RECLASIFICACION DE INVENETARIO,60,500.4523409,0
CD-A,COMPROBANTE DE DIARIO,4910,18/3/2026,CD-A,4910,36.6243,LORENA HERRERA,18/3/2026,4:32:42 p. m.,INVENTARIO,FACELA,1 1 05 16 01 05 768497166219,768497166219,PT16621-BOLIGRAFO COMFORT ROJO DOCENA,RECLASIFICACION DE INVENETARIO,14,0,500.4523409
CD-A,COMPROBANTE DE DIARIO,4911,23/3/2026,CD-A,4911,36.6243,LORENA HERRERA,23/3/2026,7:47:13 a. m.,INVENTARIO,CHICCO,1 1 05 18 05 5 8058664138456,8058664138456,NUEV GEL D BAÑOYCHAMPU BM 500ML LT2025,RECLASIFICACION DE INVENTARIO,150,25370.82275,0
CD-A,COMPROBANTE DE DIARIO,4911,23/3/2026,CD-A,4911,36.6243,LORENA HERRERA,23/3/2026,7:47:13 a. m.,INVENTARIO,CHICCO,1 1 05 18 05 5 8058664129386,8058664129386,NUEV GEL DE BAÑO BM 500ML KIDS LT1025,RECLASIFICACION DE INVENTARIO,150,0,25370.82275
CD-A,COMPROBANTE DE DIARIO,4912,23/3/2026,CD-A,4912,36.6243,LORENA HERRERA,23/3/2026,8:08:51 a. m.,INVENTARIO,CHICCO,1 1 05 18 05 8 8003670743651,8003670743651,PASTA DENTAL S/FLUOR TOOTHPASTE STRAWBERRY 12,RECLASIFICACION DE INVENETARIO,193,12114.26692,0
CD-A,COMPROBANTE DE DIARIO,4912,23/3/2026,CD-A,4912,36.6243,LORENA HERRERA,23/3/2026,8:08:51 a. m.,INVENTARIO,CHICCO,1 1 05 18 05 5 8058664138456,8058664138456,NUEV GEL D BAÑOYCHAMPU BM 500ML LT2025,RECLASIFICACION DE INVENETARIO,43,0,7029.121516
CD-A,COMPROBANTE DE DIARIO,4912,23/3/2026,CD-A,4912,36.6243,LORENA HERRERA,23/3/2026,8:08:51 a. m.,INVENTARIO,CHICCO,1 1 05 18 05 5 8058664138654,8058664138654,NUEV CREMA P/CUERPO BM 200ML LT1025,RECLASIFICACION DE INVENETARIO,40,0,3239.774061
CD-A,COMPROBANTE DE DIARIO,4912,23/3/2026,CD-A,4912,36.6243,LORENA HERRERA,23/3/2026,8:08:51 a. m.,INVENTARIO,CHICCO,1 1 05 18 05 8 8058664175567,8058664175567,PASTA DENTAL APPLEBANANA 6-24M NO FLUO 102409,RECLASIFICACION DE INVENETARIO,2,0,142.1600322
CD-A,COMPROBANTE DE DIARIO,4912,23/3/2026,CD-A,4912,36.6243,LORENA HERRERA,23/3/2026,8:08:51 a. m.,INVENTARIO,CHICCO,1 1 05 18 05 8 8058664175574,8058664175574,PASTA DENTAL-TOOTHPASTE MENTA 6Y+ FLUOR,RECLASIFICACION DE INVENETARIO,1,0,76.2777507
CD-A,COMPROBANTE DE DIARIO,4912,23/3/2026,CD-A,4912,36.6243,LORENA HERRERA,23/3/2026,8:08:51 a. m.,INVENTARIO,NURSERY,1 1 05 01 3  8058664146260,8058664146260,CEPILLO DENTAL ELECTRICO BOY,RECLASIFICACION DE INVENETARIO,4,0,793.44
CD-A,COMPROBANTE DE DIARIO,4912,23/3/2026,CD-A,4912,36.6243,LORENA HERRERA,23/3/2026,8:08:51 a. m.,INVENTARIO,NURSERY,1 1 05 01 3  8058664146277,8058664146277,CEPILLO DENTAL ELECTRICO GIRL,RECLASIFICACION DE INVENETARIO,2,0,396.9251946
CD-A,COMPROBANTE DE DIARIO,4912,23/3/2026,CD-A,4912,36.6243,LORENA HERRERA,23/3/2026,8:08:51 a. m.,INVENTARIO,CHICCO,1 1 05 18 05 8 8058664174768,8058664174768,CEPILLO DENTAL ELECTRICO PANDA,RECLASIFICACION DE INVENETARIO,1,0,225.6355872
CD-A,COMPROBANTE DE DIARIO,4912,23/3/2026,CD-A,4912,36.6243,LORENA HERRERA,23/3/2026,8:08:51 a. m.,CUENTAS POR PAGAR CORTO PLAZO,OTRAS CUENTAS POR PAGAR,2 1 01 05 02  01,1,CUENTA TRANSITORIA,RECLASIFICACION DE INVENETARIO,0,0,210.9327817
CD-A,COMPROBANTE DE DIARIO,4913,23/3/2026,CD-A,4913,36.6243,LORENA HERRERA,23/3/2026,8:11:31 a. m.,INVENTARIO,CHICCO,1 1 05 18 05 5 8058664138456,8058664138456,NUEV GEL D BAÑOYCHAMPU BM 500ML LT2025,RECLASIFICACION,13,2125.0832,0
CD-A,COMPROBANTE DE DIARIO,4913,23/3/2026,CD-A,4913,36.6243,LORENA HERRERA,23/3/2026,8:11:31 a. m.,CUENTAS POR PAGAR CORTO PLAZO,OTRAS CUENTAS POR PAGAR,2 1 01 05 02  01,1,CUENTA TRANSITORIA,RECLASIFICACION,0,0,2125.0832
CD-A,COMPROBANTE DE DIARIO,4914,23/3/2026,CD-A,4914,36.6243,LORENA HERRERA,23/3/2026,2:33:53 p. m.,INVENTARIO,CHICCO,1 1 05 18 05 1 8058664081233,8058664081233,VASO ACTIVE CUP 14M+ BOY PACK1,RECLASIFICACION DE INVENETARIO,10,1755.725704,0
CD-A,COMPROBANTE DE DIARIO,4914,23/3/2026,CD-A,4914,36.6243,LORENA HERRERA,23/3/2026,2:33:53 p. m.,INVENTARIO,CHICCO,1 1 05 18 05 1 8058664081226,8058664081226,VASO ACTIVE CUP 14M+ GIRL PACK1,RECLASIFICACION DE INVENETARIO,10,0,1755.725704
CD-A,COMPROBANTE DE DIARIO,4915,23/3/2026,FC-C,57059,36.6243,Auxiliar Contable,23/3/2026,3:49:05 p. m.,CUENTAS POR COBRAR,SUPERMERCADOS,1 1 03 01 01 2 189,189,"CASA MANTICA, S.A. - LEON CENTRO",POR ERROR DE SISTEMA CORRECCIO,0,0,2012.4575
CD-A,COMPROBANTE DE DIARIO,4915,23/3/2026,FC-C,57058,36.6243,Auxiliar Contable,23/3/2026,3:49:05 p. m.,CUENTAS POR COBRAR,SUPERMERCADOS,1 1 03 01 01 2 189,189,"CASA MANTICA, S.A. - LEON CENTRO",POR ERROR DE SISTEMA CORRECCIO,0,0,770.6695
CD-A,COMPROBANTE DE DIARIO,4915,23/3/2026,FC-C,57057,36.6243,Auxiliar Contable,23/3/2026,3:49:05 p. m.,CUENTAS POR COBRAR,SUPERMERCADOS,1 1 03 01 01 2 189,189,"CASA MANTICA, S.A. - LEON CENTRO",POR ERROR DE SISTEMA CORRECCIO,0,0,2449.483
CD-A,COMPROBANTE DE DIARIO,4915,23/3/2026,FC-C,57056,36.6243,Auxiliar Contable,23/3/2026,3:49:05 p. m.,CUENTAS POR COBRAR,SUPERMERCADOS,1 1 03 01 01 2 189,189,"CASA MANTICA, S.A. - LEON CENTRO",POR ERROR DE SISTEMA CORRECCIO,0,0,1091.7965
CD-A,COMPROBANTE DE DIARIO,4915,23/3/2026,CD-A,4915,36.6243,Auxiliar Contable,23/3/2026,3:49:05 p. m.,CAJA,CAJA GENERAL,1 1 01 01   01,1,EFECTIVO EN CAJA GENERAL,POR ERROR DE SISTEMA CORRECCIO,0,6324.4065,0
CD-A,COMPROBANTE DE DIARIO,4916,23/3/2026,FC-C,57714,36.6243,Auxiliar Contable,23/3/2026,3:52:07 p. m.,CUENTAS POR COBRAR,MANAGUA,1 1 03 13   133,133,CLAUDIA LUCIA HERRERA,APLICANDO PAGO  DE FC#57497-57,0,0,423.502126
CD-A,COMPROBANTE DE DIARIO,4916,23/3/2026,FC-C,57497,36.6243,Auxiliar Contable,23/3/2026,3:52:07 p. m.,CUENTAS POR COBRAR,MANAGUA,1 1 03 13   133,133,CLAUDIA LUCIA HERRERA,APLICANDO PAGO  DE FC#57497-57,0,0,952.697874
CD-A,COMPROBANTE DE DIARIO,4916,23/3/2026,CD-A,3331,36.6243,Auxiliar Contable,23/3/2026,3:52:07 p. m.,CUENTAS POR PAGAR LARGO PLAZO,SOCIOS,2 2 02 03   2,2,CLAUDIA LUCIA HERRERA GAITAN,APLICANDO PAGO  DE FC#57497-57,0,1376.2,0
CD-A,COMPROBANTE DE DIARIO,4917,23/3/2026,FC-C,59920,36.6243,Auxiliar Contable,23/3/2026,3:54:25 p. m.,CUENTAS POR COBRAR,EXPORTACIONES,1 1 03 47 01 01 469,469,NOVEDOSA SA DE CV,APLICANDO PAGO A NOVEDOSA S.A,0,0,309171.3546
CD-A,COMPROBANTE DE DIARIO,4917,23/3/2026,FC-C,59668,36.6243,Auxiliar Contable,23/3/2026,3:54:25 p. m.,CUENTAS POR COBRAR,EXPORTACIONES,1 1 03 47 01 01 469,469,NOVEDOSA SA DE CV,APLICANDO PAGO A NOVEDOSA S.A,0,0,1149.9954
CD-A,COMPROBANTE DE DIARIO,4917,23/3/2026,FC-C,58927,36.6243,Auxiliar Contable,23/3/2026,3:54:25 p. m.,CUENTAS POR COBRAR,EXPORTACIONES,1 1 03 47 01 01 469,469,NOVEDOSA SA DE CV,APLICANDO PAGO A NOVEDOSA S.A,0,0,1150
CD-A,COMPROBANTE DE DIARIO,4917,23/3/2026,CD-A,4764,36.6243,Auxiliar Contable,23/3/2026,3:54:25 p. m.,CUENTAS POR PAGAR CORTO PLAZO,ANTICIPO DE CLIENTES,2 1 01 06   71,71,NOVEDOSA S.A DE C.V,APLICANDO PAGO A NOVEDOSA S.A,0,311471.35,0
CD-A,COMPROBANTE DE DIARIO,4918,23/3/2026,CD-A,4918,36.6243,Auxiliar Contable,23/3/2026,5:35:25 p. m.,INVENTARIO,NUVEL,1 1 05 22 1  7501082771107,7501082771107,NUVEL CREMA PARA PEINAR MANZANA Y ALOE VERA 3,ISSDHU - CANASTA,1,0,36.31971908
CD-A,COMPROBANTE DE DIARIO,4918,23/3/2026,CD-A,4918,36.6243,Auxiliar Contable,23/3/2026,5:35:25 p. m.,INVENTARIO,NUVEL,1 1 05 22 1  7501082790825,7501082790825,NUVEL SHAMPOO FAMILIAR MANZANA Y ALOE VERA 75,ISSDHU - CANASTA,1,0,61.73809937
CD-A,COMPROBANTE DE DIARIO,4918,23/3/2026,CD-A,4918,36.6243,Auxiliar Contable,23/3/2026,5:35:25 p. m.,INVENTARIO,NUVEL,1 1 05 22 1  7501082771602,7501082771602,NUVEL MASCARILLA CAPILAR MANZANA Y ALOE VERA,ISSDHU - CANASTA,1,0,46.82117234
CD-A,COMPROBANTE DE DIARIO,4918,23/3/2026,CD-A,4918,36.6243,Auxiliar Contable,23/3/2026,5:35:25 p. m.,INVENTARIO,NUVEL,1 1 05 22 2  7501082721690,7501082721690,NUVEL CREMA PIEL SECA ANTIOXIDANTE PROTEC INT,ISSDHU - CANASTA,1,0,49.61096309
CD-A,COMPROBANTE DE DIARIO,4918,23/3/2026,CD-A,4918,36.6243,Auxiliar Contable,23/3/2026,5:35:25 p. m.,INVENTARIO,NUVEL,1 1 05 22 1  7501082750300,7501082750300,NUVEL FIJADOR LIQUIDO PARA CABELLO ULTRA FIJA,ISSDHU - CANASTA,1,0,39.89989032
CD-A,COMPROBANTE DE DIARIO,4918,23/3/2026,CD-A,4918,36.6243,Auxiliar Contable,23/3/2026,5:35:25 p. m.,INVENTARIO,NUVEL,1 1 05 22 3  7501082721294,7501082721294,NUVEL DESMAQUILLANTE BIFASICO NUVEL 125ML 24,ISSDHU - CANASTA,1,0,25.25954889
CD-A,COMPROBANTE DE DIARIO,4918,23/3/2026,CD-A,4918,36.6243,Auxiliar Contable,23/3/2026,5:35:25 p. m.,INVENTARIO,NUVEL,1 1 05 22 3  7501082790535,7501082790535,NUVEL GEL LIMPIADOR FACIAL 125ML 24. 700451,ISSDHU - CANASTA,1,0,17.28284924
CD-A,COMPROBANTE DE DIARIO,4918,23/3/2026,CD-A,4918,36.6243,Auxiliar Contable,23/3/2026,5:35:25 p. m.,INVENTARIO,NUVEL,1 1 05 22 2  7501082731354,7501082731354,NUVEL DESODORANTE ROLL ON TWILIGHT 55 ML 24,ISSDHU - CANASTA,1,0,15.06709934
CD-A,COMPROBANTE DE DIARIO,4918,23/3/2026,CD-A,4918,36.6243,Auxiliar Contable,23/3/2026,5:35:25 p. m.,INVENTARIO,NUVEL,1 1 05 22 2  7501082731293,7501082731293,NUVEL DESODORANTE ROLL ON ROCK STAR 55 ML 24,ISSDHU - CANASTA,1,0,15.06709934
CD-A,COMPROBANTE DE DIARIO,4918,23/3/2026,CD-A,4918,36.6243,Auxiliar Contable,23/3/2026,5:35:25 p. m.,INVENTARIO,NUVEL,1 1 05 22 1  7501082771107,7501082771107,NUVEL CREMA PARA PEINAR MANZANA Y ALOE VERA 3,VENDEDORA MARIA E. MUESTRAS,1,0,36.31971908
CD-A,COMPROBANTE DE DIARIO,4918,23/3/2026,CD-A,4918,36.6243,Auxiliar Contable,23/3/2026,5:35:25 p. m.,INVENTARIO,NUVEL,1 1 05 22 1  7501082771305,7501082771305,NUVEL CREMA PARA PEINAR PLACENTA Y VITAMINA B,VENDEDORA MARIA E. MUESTRAS,1,0,35.70668277
CD-A,COMPROBANTE DE DIARIO,4918,23/3/2026,CD-A,4918,36.6243,Auxiliar Contable,23/3/2026,5:35:25 p. m.,INVENTARIO,NUVEL,1 1 05 22 2  7501082721683,7501082721683,NUVEL CREMA PIEL EXTRA SECA KARITE PROTECC IN,VENDEDORA MARIA E. MUESTRAS,1,0,49.69314918
CD-A,COMPROBANTE DE DIARIO,4918,23/3/2026,CD-A,4918,36.6243,Auxiliar Contable,23/3/2026,5:35:25 p. m.,INVENTARIO,NUVEL,1 1 05 22 2  7501082725261,7501082725261,NUVEL CREMA PIEL NORMAL ACLARADO IDEAL 750ML,VENDEDORA MARIA E. MUESTRAS,1,0,49.4853686
CD-A,COMPROBANTE DE DIARIO,4918,23/3/2026,CD-A,4918,36.6243,Auxiliar Contable,23/3/2026,5:35:25 p. m.,INVENTARIO,NUVEL,1 1 05 22 2  7501082721676,7501082721676,NUVEL CREMA PIEL NORMAL MIEL Y AVENA PROTEC I,VENDEDORA MARIA E. MUESTRAS,1,0,49.55811888
CD-A,COMPROBANTE DE DIARIO,4918,23/3/2026,CD-A,4918,36.6243,Auxiliar Contable,23/3/2026,5:35:25 p. m.,INVENTARIO,NUVEL,1 1 05 22 2  7501082721690,7501082721690,NUVEL CREMA PIEL SECA ANTIOXIDANTE PROTEC INT,VENDEDORA MARIA E. MUESTRAS,1,0,49.61096309
CD-A,COMPROBANTE DE DIARIO,4918,23/3/2026,CD-A,4918,36.6243,Auxiliar Contable,23/3/2026,5:35:25 p. m.,INVENTARIO,NUVEL,1 1 05 22 3  7501082721294,7501082721294,NUVEL DESMAQUILLANTE BIFASICO NUVEL 125ML 24,VENDEDORA MARIA E. MUESTRAS,1,0,25.25954889
CD-A,COMPROBANTE DE DIARIO,4918,23/3/2026,CD-A,4918,36.6243,Auxiliar Contable,23/3/2026,5:35:25 p. m.,INVENTARIO,NUVEL,1 1 05 22 1  7501082750270,7501082750270,NUVEL FIJADOR LIQUIDO PARA CABELLO RIZOS DEFI,VENDEDORA MARIA E. MUESTRAS,1,0,40.06817479
CD-A,COMPROBANTE DE DIARIO,4918,23/3/2026,CD-A,4918,36.6243,Auxiliar Contable,23/3/2026,5:35:25 p. m.,INVENTARIO,NUVEL,1 1 05 22 1  7501082750300,7501082750300,NUVEL FIJADOR LIQUIDO PARA CABELLO ULTRA FIJA,VENDEDORA MARIA E. MUESTRAS,1,0,39.89989032
CD-A,COMPROBANTE DE DIARIO,4918,23/3/2026,CD-A,4918,36.6243,Auxiliar Contable,23/3/2026,5:35:25 p. m.,INVENTARIO,NUVEL,1 1 05 22 3  7501082790535,7501082790535,NUVEL GEL LIMPIADOR FACIAL 125ML 24. 700451,VENDEDORA MARIA E. MUESTRAS,1,0,17.28284924
CD-A,COMPROBANTE DE DIARIO,4918,23/3/2026,CD-A,4918,36.6243,Auxiliar Contable,23/3/2026,5:35:25 p. m.,INVENTARIO,NUVEL,1 1 05 22 1  7501082771602,7501082771602,NUVEL MASCARILLA CAPILAR MANZANA Y ALOE VERA,VENDEDORA MARIA E. MUESTRAS,1,0,46.82117234
CD-A,COMPROBANTE DE DIARIO,4918,23/3/2026,CD-A,4918,36.6243,Auxiliar Contable,23/3/2026,5:35:25 p. m.,INVENTARIO,NUVEL,1 1 05 22 1  7501082771800,7501082771800,NUVEL MASCARILLA CAPILAR NUVEL PLACENTA Y VIT,VENDEDORA MARIA E. MUESTRAS,1,0,52.73427829
CD-A,COMPROBANTE DE DIARIO,4918,23/3/2026,CD-A,4918,36.6243,Auxiliar Contable,23/3/2026,5:35:25 p. m.,INVENTARIO,NUVEL,1 1 05 22 1  7501082790825,7501082790825,NUVEL SHAMPOO FAMILIAR MANZANA Y ALOE VERA 75,VENDEDORA MARIA E. MUESTRAS,1,0,61.73809937
CD-A,COMPROBANTE DE DIARIO,4918,23/3/2026,CD-A,4918,36.6243,Auxiliar Contable,23/3/2026,5:35:25 p. m.,INVENTARIO,NUVEL,1 1 05 22 1  7501082790801,7501082790801,NUVEL SHAMPOO FAMILIAR PLACENTA Y VITAMINA B5,VENDEDORA MARIA E. MUESTRAS,1,0,61.77949242
CD-A,COMPROBANTE DE DIARIO,4918,23/3/2026,CD-A,4918,36.6243,Auxiliar Contable,23/3/2026,5:35:25 p. m.,INVENTARIO,NUVEL,1 1 05 22 2  7501082790559,7501082790559,NUVEL TALCO P/PIES 100GR,VENDEDORA MARIA E. MUESTRAS,1,0,26.24182932
CD-A,COMPROBANTE DE DIARIO,4918,23/3/2026,CD-A,4918,36.6243,Auxiliar Contable,23/3/2026,5:35:25 p. m.,INVENTARIO,NUVEL,1 1 05 22 3  7501082790481,7501082790481,NUVEL TOALLAS DESMAQUILLANTES 25PZ 24. 700456,VENDEDORA MARIA E. MUESTRAS,1,0,50.94066012
CD-A,COMPROBANTE DE DIARIO,4918,23/3/2026,CD-A,4918,36.6243,Auxiliar Contable,23/3/2026,5:35:25 p. m.,INVENTARIO,NUVEL,1 1 05 22 2  7501082780000,7501082780000,NUVEL VASELINA BB 60GR 1X12,VENDEDORA MARIA E. MUESTRAS,1,0,25.64591374
CD-A,COMPROBANTE DE DIARIO,4918,23/3/2026,CD-A,4918,36.6243,Auxiliar Contable,23/3/2026,5:35:25 p. m.,INVENTARIO,NUVEL,1 1 05 22 2  7501082731286,7501082731286,NUVEL DESODORANTE ROLL ON ADDICTION 55 ML 24,VENDEDORA MARIA E. MUESTRAS,1,0,15.06709843
CD-A,COMPROBANTE DE DIARIO,4918,23/3/2026,CD-A,4918,36.6243,Auxiliar Contable,23/3/2026,5:35:25 p. m.,INVENTARIO,NUVEL,1 1 05 22 2  7501082731323,7501082731323,NUVEL DESODORANTE ROLL ON BEAUTY 55 ML 24,VENDEDORA MARIA E. MUESTRAS,1,0,14.62394936
CD-A,COMPROBANTE DE DIARIO,4918,23/3/2026,CD-A,4918,36.6243,Auxiliar Contable,23/3/2026,5:35:25 p. m.,INVENTARIO,NUVEL,1 1 05 22 2  7501082731293,7501082731293,NUVEL DESODORANTE ROLL ON ROCK STAR 55 ML 24,VENDEDORA MARIA E. MUESTRAS,1,0,15.06709934
CD-A,COMPROBANTE DE DIARIO,4918,23/3/2026,CD-A,4918,36.6243,Auxiliar Contable,23/3/2026,5:35:25 p. m.,INVENTARIO,NUVEL,1 1 05 22 2  7501082731354,7501082731354,NUVEL DESODORANTE ROLL ON TWILIGHT 55 ML 24,VENDEDORA MARIA E. MUESTRAS,1,0,15.06709934
CD-A,COMPROBANTE DE DIARIO,4918,23/3/2026,CD-A,4918,36.6243,Auxiliar Contable,23/3/2026,5:35:25 p. m.,INVENTARIO,SWEET CAREFOR,1 1 05 25 1  850026693348,850026693348,SWEET CAREFOR 99.9% Water Baby Wipes 3PACK/BT,MUESTRAS METROPOLITANO,2,0,250.5977426
CD-A,COMPROBANTE DE DIARIO,4918,23/3/2026,CD-A,4918,36.6243,Auxiliar Contable,23/3/2026,5:35:25 p. m.,INVENTARIO,SWEET CAREFOR,1 1 05 25 1  850026693287,850026693287,SWEET CAREFOR 99.9% Water Baby Wipes/Toallas,MUESTRAS METROPOLITANO,2,0,82.2066669
CD-A,COMPROBANTE DE DIARIO,4918,23/3/2026,CD-A,4918,36.6243,Auxiliar Contable,23/3/2026,5:35:25 p. m.,INVENTARIO,SWEET CAREFOR,1 1 05 25 1  9090506330009,9090506330009,SWEET CAREFOR Fresh Wipes/Toallas Húmedas 100,MUESTRAS METROPOLITANO,2,0,76.90301097
CD-A,COMPROBANTE DE DIARIO,4918,23/3/2026,CD-A,4918,36.6243,Auxiliar Contable,23/3/2026,5:35:25 p. m.,INVENTARIO,SWEET CAREFOR,1 1 05 25 1  850026693348,850026693348,SWEET CAREFOR 99.9% Water Baby Wipes 3PACK/BT,MUESTRA SUPER LA SEGOVIA,1,0,125.2988713
CD-A,COMPROBANTE DE DIARIO,4918,23/3/2026,CD-A,4918,36.6243,Auxiliar Contable,23/3/2026,5:35:25 p. m.,INVENTARIO,SWEET CAREFOR,1 1 05 25 1  9090506330009,9090506330009,SWEET CAREFOR Fresh Wipes/Toallas Húmedas 100,MUESTRA SUPER LA SEGOVIA,1,0,38.45150548
CD-A,COMPROBANTE DE DIARIO,4918,23/3/2026,CD-A,4918,36.6243,Auxiliar Contable,23/3/2026,5:35:25 p. m.,INVENTARIO,SWEET CAREFOR,1 1 05 25 1  850026693287,850026693287,SWEET CAREFOR 99.9% Water Baby Wipes/Toallas,MUESTRA SUPER LA SEGOVIA,1,0,41.10333345
CD-A,COMPROBANTE DE DIARIO,4918,23/3/2026,CD-A,4918,36.6243,Auxiliar Contable,23/3/2026,5:35:25 p. m.,INVENTARIO,SWEET CAREFOR,1 1 05 25 1  850026693348,850026693348,SWEET CAREFOR 99.9% Water Baby Wipes 3PACK/BT,MUESTRAS COMERCIAL LOS ROBLES,1,0,125.2988713
CD-A,COMPROBANTE DE DIARIO,4918,23/3/2026,CD-A,4918,36.6243,Auxiliar Contable,23/3/2026,5:35:25 p. m.,INVENTARIO,SWEET CAREFOR,1 1 05 25 1  850026693287,850026693287,SWEET CAREFOR 99.9% Water Baby Wipes/Toallas,MUESTRAS COMERCIAL LOS ROBLES,1,0,41.10333345
CD-A,COMPROBANTE DE DIARIO,4918,23/3/2026,CD-A,4918,36.6243,Auxiliar Contable,23/3/2026,5:35:25 p. m.,INVENTARIO,SWEET CAREFOR,1 1 05 25 1  9090506330009,9090506330009,SWEET CAREFOR Fresh Wipes/Toallas Húmedas 100,MUESTRAS COMERCIAL LOS ROBLES,1,0,38.45150548
CD-A,COMPROBANTE DE DIARIO,4918,23/3/2026,CD-A,4918,36.6243,Auxiliar Contable,23/3/2026,5:35:25 p. m.,INVENTARIO,NUVEL,1 1 05 22 2  7501082721683,7501082721683,NUVEL CREMA PIEL EXTRA SECA KARITE PROTECC IN,MUESTRAS COMERCIAL LOS ROBLES,1,0,49.69314918
CD-A,COMPROBANTE DE DIARIO,4918,23/3/2026,CD-A,4918,36.6243,Auxiliar Contable,23/3/2026,5:35:25 p. m.,INVENTARIO,NUVEL,1 1 05 22 2  7501082725261,7501082725261,NUVEL CREMA PIEL NORMAL ACLARADO IDEAL 750ML,MUESTRAS COMERCIAL LOS ROBLES,1,0,49.4853686
CD-A,COMPROBANTE DE DIARIO,4918,23/3/2026,CD-A,4918,36.6243,Auxiliar Contable,23/3/2026,5:35:25 p. m.,INVENTARIO,NUVEL,1 1 05 22 2  7501082721690,7501082721690,NUVEL CREMA PIEL SECA ANTIOXIDANTE PROTEC INT,MUESTRAS COMERCIAL LOS ROBLES,1,0,49.61096309
CD-A,COMPROBANTE DE DIARIO,4918,23/3/2026,CD-A,4918,36.6243,Auxiliar Contable,23/3/2026,5:35:25 p. m.,INVENTARIO,NUVEL,1 1 05 22 2  7501082721676,7501082721676,NUVEL CREMA PIEL NORMAL MIEL Y AVENA PROTEC I,MUESTRAS COMERCIAL LOS ROBLES,1,0,49.55811888
CD-A,COMPROBANTE DE DIARIO,4918,23/3/2026,CD-A,4918,36.6243,Auxiliar Contable,23/3/2026,5:35:25 p. m.,INVENTARIO,SWEET CAREFOR,1 1 05 25 1  850026693348,850026693348,SWEET CAREFOR 99.9% Water Baby Wipes 3PACK/BT,MUESTRAS ESTRELLA ROJA,1,0,125.2988713
CD-A,COMPROBANTE DE DIARIO,4918,23/3/2026,CD-A,4918,36.6243,Auxiliar Contable,23/3/2026,5:35:25 p. m.,INVENTARIO,SWEET CAREFOR,1 1 05 25 1  850026693287,850026693287,SWEET CAREFOR 99.9% Water Baby Wipes/Toallas,MUESTRAS ESTRELLA ROJA,1,0,41.10333345
CD-A,COMPROBANTE DE DIARIO,4918,23/3/2026,CD-A,4918,36.6243,Auxiliar Contable,23/3/2026,5:35:25 p. m.,INVENTARIO,SWEET CAREFOR,1 1 05 25 1  9090506330009,9090506330009,SWEET CAREFOR Fresh Wipes/Toallas Húmedas 100,MUESTRAS ESTRELLA ROJA,1,0,38.45150548
CD-A,COMPROBANTE DE DIARIO,4918,23/3/2026,CD-A,4918,36.6243,Auxiliar Contable,23/3/2026,5:35:25 p. m.,INVENTARIO,SWEET CAREFOR,1 1 05 25 1  850026693287,850026693287,SWEET CAREFOR 99.9% Water Baby Wipes/Toallas,MUESTRA MEDCO,7,0,287.7233341
CD-A,COMPROBANTE DE DIARIO,4918,23/3/2026,CD-A,4918,36.6243,Auxiliar Contable,23/3/2026,5:35:25 p. m.,INVENTARIO,SWEET CAREFOR,1 1 05 25 1  9090506330009,9090506330009,SWEET CAREFOR Fresh Wipes/Toallas Húmedas 100,MUESTRA MEDCO,7,0,269.1605384
CD-A,COMPROBANTE DE DIARIO,4918,23/3/2026,CD-A,4918,36.6243,Auxiliar Contable,23/3/2026,5:35:25 p. m.,INVENTARIO,SWEET CAREFOR,1 1 05 25 1  9090506330009,9090506330009,SWEET CAREFOR Fresh Wipes/Toallas Húmedas 100,MUESTRA AM-PM,1,0,38.45150548
CD-A,COMPROBANTE DE DIARIO,4918,23/3/2026,CD-A,4918,36.6243,Auxiliar Contable,23/3/2026,5:35:25 p. m.,INVENTARIO,SWEET CAREFOR,1 1 05 25 1  850026693287,850026693287,SWEET CAREFOR 99.9% Water Baby Wipes/Toallas,MUESTRA AM-PM,1,0,41.10333345
CD-A,COMPROBANTE DE DIARIO,4918,23/3/2026,CD-A,4918,36.6243,Auxiliar Contable,23/3/2026,5:35:25 p. m.,INVENTARIO,SWEET CAREFOR,1 1 05 25 1  850026693348,850026693348,SWEET CAREFOR 99.9% Water Baby Wipes 3PACK/BT,MUESTRA AM-PM,1,0,125.2988713
CD-A,COMPROBANTE DE DIARIO,4918,23/3/2026,CD-A,4918,36.6243,Auxiliar Contable,23/3/2026,5:35:25 p. m.,INVENTARIO,SWEET CAREFOR,1 1 05 25 1  850026693348,850026693348,SWEET CAREFOR 99.9% Water Baby Wipes 3PACK/BT,MUESTRA CERVEGSA,1,0,125.2988713
CD-A,COMPROBANTE DE DIARIO,4918,23/3/2026,CD-A,4918,36.6243,Auxiliar Contable,23/3/2026,5:35:25 p. m.,INVENTARIO,SWEET CAREFOR,1 1 05 25 1  850026693287,850026693287,SWEET CAREFOR 99.9% Water Baby Wipes/Toallas,MUESTRA CERVEGSA,1,0,41.10333345
CD-A,COMPROBANTE DE DIARIO,4918,23/3/2026,CD-A,4918,36.6243,Auxiliar Contable,23/3/2026,5:35:25 p. m.,INVENTARIO,SWEET CAREFOR,1 1 05 25 1  9090506330009,9090506330009,SWEET CAREFOR Fresh Wipes/Toallas Húmedas 100,MUESTRA CERVEGSA,1,0,38.45150548
CD-A,COMPROBANTE DE DIARIO,4918,23/3/2026,CD-A,4918,36.6243,Auxiliar Contable,23/3/2026,5:35:25 p. m.,INVENTARIO,GO,1 1 05 21 7 1 55937,55937,MOCHILA M STAR Y CHERRIE,MOCHILAS ASIGNADO A  VENDEDORE,2,0,449.5101162
CD-A,COMPROBANTE DE DIARIO,4918,23/3/2026,CD-A,4918,36.6243,Auxiliar Contable,23/3/2026,5:35:25 p. m.,INVENTARIO,NUVEL,1 1 05 22 2  7501082721683,7501082721683,NUVEL CREMA PIEL EXTRA SECA KARITE PROTECC IN,CANASTA MANTICA PASEO REAL,2,0,99.38629837
CD-A,COMPROBANTE DE DIARIO,4918,23/3/2026,CD-A,4918,36.6243,Auxiliar Contable,23/3/2026,5:35:25 p. m.,INVENTARIO,NUVEL,1 1 05 22 2  7501082725261,7501082725261,NUVEL CREMA PIEL NORMAL ACLARADO IDEAL 750ML,CANASTA MANTICA PASEO REAL,2,0,98.9707372
CD-A,COMPROBANTE DE DIARIO,4918,23/3/2026,CD-A,4918,36.6243,Auxiliar Contable,23/3/2026,5:35:25 p. m.,INVENTARIO,NUVEL,1 1 05 22 2  7501082731293,7501082731293,NUVEL DESODORANTE ROLL ON ROCK STAR 55 ML 24,CANASTA MANTICA PASEO REAL,2,0,30.13419868
CD-A,COMPROBANTE DE DIARIO,4918,23/3/2026,CD-A,4918,36.6243,Auxiliar Contable,23/3/2026,5:35:25 p. m.,INVENTARIO,NUVEL,1 1 05 22 3  7501082721294,7501082721294,NUVEL DESMAQUILLANTE BIFASICO NUVEL 125ML 24,CANASTA MANTICA PASEO REAL,1,0,25.25954889
CD-A,COMPROBANTE DE DIARIO,4918,23/3/2026,CD-A,4918,36.6243,Auxiliar Contable,23/3/2026,5:35:25 p. m.,INVENTARIO,NUVEL,1 1 05 22 3  7501082790535,7501082790535,NUVEL GEL LIMPIADOR FACIAL 125ML 24. 700451,CANASTA MANTICA PASEO REAL,1,0,17.28284924
CD-A,COMPROBANTE DE DIARIO,4918,23/3/2026,CD-A,4918,36.6243,Auxiliar Contable,23/3/2026,5:35:25 p. m.,INVENTARIO,NUVEL,1 1 05 22 2  7501082790023,7501082790023,NUVEL TALCO PARA BEBE 100 G 12. 700416,CANASTA MANTICA PASEO REAL,2,0,35.45199845
CD-A,COMPROBANTE DE DIARIO,4918,23/3/2026,CD-A,4918,36.6243,Auxiliar Contable,23/3/2026,5:35:25 p. m.,INVENTARIO,CHICCO,1 1 05 18 05 3 8058664129539,8058664129539,ESTERILIZADOR ELECTRICO A VAPOR CHIC 739110,ANIVERSRIO YELBA CALDERON,1,0,1096.37446
CD-A,COMPROBANTE DE DIARIO,4918,23/3/2026,CD-A,4918,36.6243,Auxiliar Contable,23/3/2026,5:35:25 p. m.,INVENTARIO,CHICCO,1 1 05 18 05 8 8058664174768,8058664174768,CEPILLO DENTAL ELECTRICO PANDA,IMPULSO EN REDES CRISTIANA FRI,1,0,225.6355872
CD-A,COMPROBANTE DE DIARIO,4918,23/3/2026,CD-A,4918,36.6243,Auxiliar Contable,23/3/2026,5:35:25 p. m.,INVENTARIO,CHICCO,1 1 05 18 05 5 8058664173778,8058664173778,NUEV TOALLAS HUMEDAS DELICADAS C/COVER 72PZ+F,CANJE CRISTIANA FRIXIONE,12,0,830.2112638
CD-A,COMPROBANTE DE DIARIO,4918,23/3/2026,CD-A,4918,36.6243,Auxiliar Contable,23/3/2026,5:35:25 p. m.,INVENTARIO,CHICCO,1 1 05 18 9 1 8058664139835,8058664139835,CRESCENDO UP HIGHCHAIR TURIN GREY RE_LUX 4087,CANJE MAYA,1,0,3837.685927
CD-A,COMPROBANTE DE DIARIO,4918,23/3/2026,CD-A,4918,36.6243,Auxiliar Contable,23/3/2026,5:35:25 p. m.,INVENTARIO,CHICCO,1 1 05 18 9 1 8058664140343,8058664140343,BABY HUG 4EN1 AIR GREY,CAJE CRISTIANA FRIXIONE,1,0,5674.899295
CD-A,COMPROBANTE DE DIARIO,4918,23/3/2026,CD-A,4918,36.6243,Auxiliar Contable,23/3/2026,5:35:25 p. m.,INVENTARIO,CHICCO,1 1 05 18 9 1 8058664140343,8058664140343,BABY HUG 4EN1 AIR GREY,REGALIA MIGUEL MANTICA,1,0,5674.899295
CD-A,COMPROBANTE DE DIARIO,4918,23/3/2026,CD-A,4918,36.6243,Auxiliar Contable,23/3/2026,5:35:25 p. m.,INVENTARIO,CHICCO,1 1 05 18 05 7 8058664095186,8058664095186,JABON LIQUIDO P/BIBERONES 300ML LT1023013001,CANJE JENNIFER CASA MANTICA,3,0,217.1022051
CD-A,COMPROBANTE DE DIARIO,4918,23/3/2026,CD-A,4918,36.6243,Auxiliar Contable,23/3/2026,5:35:25 p. m.,INVENTARIO,CHICCO,1 1 05 18 9 2 8058664112968,8058664112968,AUTOASIENTO NEXTFIT ZIP BABY CAR SEAT CARBON,CANJE JENNIFER CASA MANTICA,1,0,6527.341775
CD-A,COMPROBANTE DE DIARIO,4918,23/3/2026,CD-A,4918,36.6243,Auxiliar Contable,23/3/2026,5:35:25 p. m.,INVENTARIO,NURSERY,1 1 05 01 02  8058664144242,8058664144242,BOPPY PILLOW COTTON SCOVER GRAY,CANJE JENNIFER CASA MANTICA,1,0,997.4987909
CD-A,COMPROBANTE DE DIARIO,4918,23/3/2026,CD-A,4918,36.6243,Auxiliar Contable,23/3/2026,5:35:25 p. m.,INVENTARIO,NURSERY,1 1 05 01 02  8058664144242,8058664144242,BOPPY PILLOW COTTON SCOVER GRAY,CANJE CRISTIANA FRIXIONE,1,0,997.4987909
CD-A,COMPROBANTE DE DIARIO,4918,23/3/2026,CD-A,4918,36.6243,Auxiliar Contable,23/3/2026,5:35:25 p. m.,INVENTARIO,NURSERY,1 1 05 01 02  8058664144242,8058664144242,BOPPY PILLOW COTTON SCOVER GRAY,CANJE COMPRADORA MET.,1,0,997.4987909
CD-A,COMPROBANTE DE DIARIO,4918,23/3/2026,CD-A,4918,36.6243,Auxiliar Contable,23/3/2026,5:35:25 p. m.,GASTOS DE OPERACION,GASTOS DE VENTA,6 1 01 02 03  090,90,MUESTRAS A CLIENTES,DESCARGA DE INVENTARIO DE MUES,0,6025.8,0
CD-A,COMPROBANTE DE DIARIO,4918,23/3/2026,CD-A,4918,36.6243,Auxiliar Contable,23/3/2026,5:35:25 p. m.,GASTOS DE OPERACION,GASTOS DE VENTA,6 1 01 02 03  218,218,CERTIFICADOS / CUPONES DE REGALO,DESCARGA DE INVENTARIO DE MUES,0,25081.72697,0
CD-A,COMPROBANTE DE DIARIO,4919,24/3/2026,CD-A,4919,36.6243,LORENA HERRERA,24/3/2026,9:40:13 a. m.,INVENTARIO,CHICCO,1 1 05 18 05 3 8058664122189,8058664122189,SET PERFECT5 PP BOY 150 + CLIP,RECLASIFICACION DE INVENETARIO,1,0,331.626
CD-A,COMPROBANTE DE DIARIO,4919,24/3/2026,CD-A,4919,36.6243,LORENA HERRERA,24/3/2026,9:40:13 a. m.,INVENTARIO,CHICCO,1 1 05 18 05 3 8058664153671,8058664153671,SET DE BIBERONES REGALO ROSA,RECLASIFICACION DE INVENETARIO,1,331.626,0
CD-A,COMPROBANTE DE DIARIO,4920,24/3/2026,CD-A,4920,36.6243,LORENA HERRERA,24/3/2026,2:48:31 p. m.,INVENTARIO,CHICCO,1 1 05 18 05 1 8058664081233,8058664081233,VASO ACTIVE CUP 14M+ BOY PACK1,RECLASIFICACION DE INVENETARIO,10,1755.725704,0
CD-A,COMPROBANTE DE DIARIO,4920,24/3/2026,CD-A,4920,36.6243,LORENA HERRERA,24/3/2026,2:48:31 p. m.,INVENTARIO,CHICCO,1 1 05 18 05 1 8058664081226,8058664081226,VASO ACTIVE CUP 14M+ GIRL PACK1,RECLASIFICACION DE INVENETARIO,10,0,1755.725704
CD-A,COMPROBANTE DE DIARIO,4921,24/3/2026,CD-A,4921,36.6243,LORENA HERRERA,24/3/2026,5:07:52 p. m.,INVENTARIO,FACELA,1 1 05 16 01 06 768497124080,768497124080,PT12408-BORRADOR BLANCO FACELA BLISTER 2 UND,RECLASIFICACION DE INVENTARIO,6,40.51482609,0
CD-A,COMPROBANTE DE DIARIO,4921,24/3/2026,CD-A,4921,36.6243,LORENA HERRERA,24/3/2026,5:07:52 p. m.,INVENTARIO,CHICCO,1 1 05 18 05 1 8058664086627,8058664086627,CUBIERTOS FIRST CULTERY 12M+ NEUTRAL,RECLASIFICACION DE INVENTARIO,15,1330.327764,0
CD-A,COMPROBANTE DE DIARIO,4921,24/3/2026,CD-A,4921,36.6243,LORENA HERRERA,24/3/2026,5:07:52 p. m.,INVENTARIO,CHICCO,1 1 05 18 05 1 8058664031818,8058664031818,SOFT SILICONE SPOON 6+M RED,RECLASIFICACION DE INVENTARIO,15,0,1330.785973
CD-A,COMPROBANTE DE DIARIO,4921,24/3/2026,CD-A,4921,36.6243,LORENA HERRERA,24/3/2026,5:07:52 p. m.,INVENTARIO,FACELA,1 1 05 16 01 02 768497411159,768497411159,PT41115-PLASTILINA MAGICA CARTON 10 UN,RECLASIFICACION DE INVENTARIO,4,0,40.05663859
CD-A,COMPROBANTE DE DIARIO,4921,24/3/2026,CD-A,4921,36.6243,LORENA HERRERA,24/3/2026,5:07:52 p. m.,INVENTARIO,CHICCO,1 1 05 18 05 3 8058664153862,8058664153862,BIBERON PERFECT5 PP BOY 150 SLOW SIL,RECLASIFICACION DE INVENTARIO,14,1984.0824,0
CD-A,COMPROBANTE DE DIARIO,4921,24/3/2026,CD-A,4921,36.6243,LORENA HERRERA,24/3/2026,5:07:52 p. m.,INVENTARIO,CHICCO,1 1 05 18 05 3 8058664153978,8058664153978,BIBERON PERFECT5 PP GRL 300 FAST SIL,RECLASIFICACION DE INVENTARIO,13,0,1984.082379
CD-A,COMPROBANTE DE DIARIO,4922,25/3/2026,CD-A,4922,36.6243,LORENA HERRERA,25/3/2026,11:54:47 a. m.,INVENTARIO,CHICCO,1 1 05 18 05 5 8058664173778,8058664173778,NUEV TOALLAS HUMEDAS DELICADAS C/COVER 72PZ+F,RECLASIFICACION DE INVENETARIO,12,0,830.2113084
CD-A,COMPROBANTE DE DIARIO,4922,25/3/2026,CD-A,4922,36.6243,LORENA HERRERA,25/3/2026,11:54:47 a. m.,INVENTARIO,CHICCO,1 1 05 18 01 02 8058664080199,8058664080199,TOALLAS HUME CHICCO 72Z S/COVER LT 1023034060,RECLASIFICACION DE INVENETARIO,12,791.7045,0
CD-A,COMPROBANTE DE DIARIO,4922,25/3/2026,CD-A,4922,36.6243,LORENA HERRERA,25/3/2026,11:54:47 a. m.,INVENTARIO,FACELA,1 1 05 16 01 05 768497127388,768497127388,PT12738-BOLIGRAFO COMFORT AZ/NG BLISTER 2 UND,RECLASIFICACION DE INVENETARIO,12,110,0
CD-A,COMPROBANTE DE DIARIO,4922,25/3/2026,CD-A,4922,36.6243,LORENA HERRERA,25/3/2026,11:54:47 a. m.,INVENTARIO,FACELA,1 1 05 16 01 05 768497166196,768497166196,PT16619-BOLIGRAFO COMFORT NEGRO DOCENA,RECLASIFICACION DE INVENETARIO,1,0,35.74659578
CD-A,COMPROBANTE DE DIARIO,4922,25/3/2026,CD-A,4922,36.6243,LORENA HERRERA,25/3/2026,11:54:47 a. m.,INVENTARIO,FACELA,1 1 05 16 01 05 768497166219,768497166219,PT16621-BOLIGRAFO COMFORT ROJO DOCENA,RECLASIFICACION DE INVENETARIO,1,0,35.74659578
CD-A,COMPROBANTE DE DIARIO,4923,25/3/2026,CD-A,4923,36.6243,LORENA HERRERA,25/3/2026,3:56:58 p. m.,INVENTARIO,HILASAL,1 1 05 23 2 1 087631062157,87631062157,236-TOALLA PLAYA BLANCO 613-ELITE-29x14x20,RECLASIFICACION DE INVENETARIO,22,0,2772.425252
CD-A,COMPROBANTE DE DIARIO,4923,25/3/2026,CD-A,4923,36.6243,LORENA HERRERA,25/3/2026,3:56:58 p. m.,INVENTARIO,HILASAL,1 1 05 23 3 1 087631220830,87631220830,3498-TOALLA BAÑO IVORY-MAJESTIC-20.75x15x19.5,RECLASIFICACION DE INVENETARIO,19,3869.9206,0
CD-A,COMPROBANTE DE DIARIO,4923,25/3/2026,CD-A,4923,36.6243,LORENA HERRERA,25/3/2026,3:56:58 p. m.,INVENTARIO,HILASAL,1 1 05 23 3 1 087631220922,87631220922,3498-TOALLA BAÑO AZUL MARINO-MAJESTIC-20.75x1,RECLASIFICACION DE INVENETARIO,16,2425.6896,0
CD-A,COMPROBANTE DE DIARIO,4923,25/3/2026,CD-A,4923,36.6243,LORENA HERRERA,25/3/2026,3:56:58 p. m.,INVENTARIO,HILASAL,1 1 05 23 2 1 087631581511,87631581511,236-TOALLA PLAYA CELESTE 218-ELITE-29x14x20,RECLASIFICACION DE INVENETARIO,5,0,1013.890627
CD-A,COMPROBANTE DE DIARIO,4923,25/3/2026,CD-A,4923,36.6243,LORENA HERRERA,25/3/2026,3:56:58 p. m.,INVENTARIO,HILASAL,1 1 05 23 2 1 087631062164,87631062164,236-TOALLA PLAYA AMARILLO 134-ELITE-29x14x20,RECLASIFICACION DE INVENETARIO,1,0,202.7781254
CD-A,COMPROBANTE DE DIARIO,4923,25/3/2026,CD-A,4923,36.6243,LORENA HERRERA,25/3/2026,3:56:58 p. m.,INVENTARIO,HILASAL,1 1 05 23 2 1 087631581528,87631581528,236-TOALLA PLAYA MARINO 219-ELITE-29x14x20,RECLASIFICACION DE INVENETARIO,5,0,758.0286961
CD-A,COMPROBANTE DE DIARIO,4923,25/3/2026,CD-A,4923,36.6243,LORENA HERRERA,25/3/2026,3:56:58 p. m.,INVENTARIO,HILASAL,1 1 05 23 2 1 087631062140,87631062140,236-TOALLA PLAYA ROSADO 434-ELITE-29x14x20,RECLASIFICACION DE INVENETARIO,4,0,811.1125015
CD-A,COMPROBANTE DE DIARIO,4923,25/3/2026,CD-A,4923,36.6243,LORENA HERRERA,25/3/2026,3:56:58 p. m.,INVENTARIO,HILASAL,1 1 05 23 2 1 087631596225,87631596225,T-36-TOALLA BAÑO CELESTE 218-ELITE-25.5x12x20,RECLASIFICACION DE INVENETARIO,5,0,737.3749977
CD-A,COMPROBANTE DE DIARIO,4924,25/3/2026,CD-A,4924,36.6243,Auxiliar Contable,25/3/2026,6:21:16 p. m.,INVENTARIO,CHICCO,1 1 05 18 05 5 8058664133680,8058664133680,NUEV JABON BARRA BM 100GR LT1025,CONTABILIZANDO CANJE DE CRISTI,1,0,37.52261091
CD-A,COMPROBANTE DE DIARIO,4924,25/3/2026,CD-A,4924,36.6243,Auxiliar Contable,25/3/2026,6:21:16 p. m.,INVENTARIO,CHICCO,1 1 05 18 05 5 8058664138371,8058664138371,NUEV SHAMPU BM 200ML S/LAG LT1025,CONTABILIZANDO CANJE DE CRISTI,2,0,150.2576262
CD-A,COMPROBANTE DE DIARIO,4924,25/3/2026,CD-A,4924,36.6243,Auxiliar Contable,25/3/2026,6:21:16 p. m.,INVENTARIO,CHICCO,1 1 05 18 05 5 8058664129393,8058664129393,NUEV AGUA PERFURMA SUAV BM 100ML LT2025,CONTABILIZANDO CANJE DE CRISTI,1,0,116.2844521
CD-A,COMPROBANTE DE DIARIO,4924,25/3/2026,CD-A,4924,36.6243,Auxiliar Contable,25/3/2026,6:21:16 p. m.,INVENTARIO,CHICCO,1 1 05 18 05 5 8058664173778,8058664173778,NUEV TOALLAS HUMEDAS DELICADAS C/COVER 72PZ+F,CONTABILIZANDO CANJE DE CRISTI,1,0,69.18427198
CD-A,COMPROBANTE DE DIARIO,4924,25/3/2026,CD-A,4924,36.6243,Auxiliar Contable,25/3/2026,6:21:16 p. m.,INVENTARIO,CHICCO,1 1 05 18 05 1 8058664132850,8058664132850,BABERO SILICON BIB WITH/CRUMBLE CATCHER GRIS,CONTABILIZANDO CANJE DE CRISTI,1,0,156.1973326
CD-A,COMPROBANTE DE DIARIO,4924,25/3/2026,CD-A,4924,36.6243,Auxiliar Contable,25/3/2026,6:21:16 p. m.,INVENTARIO,CHICCO,1 1 05 18 05 1 8058664031818,8058664031818,SOFT SILICONE SPOON 6+M RED,CONTABILIZANDO CANJE DE CRISTI,1,0,88.71906485
CD-A,COMPROBANTE DE DIARIO,4924,25/3/2026,CD-A,4924,36.6243,Auxiliar Contable,25/3/2026,6:21:16 p. m.,INVENTARIO,CHICCO,1 1 05 18 05 4 8058664062850,8058664062850,SPONGE SAFE HYGIENE EXTRA ABSORBENT,CONTABILIZANDO CANJE DE CRISTI,1,0,128.0958533
CD-A,COMPROBANTE DE DIARIO,4924,25/3/2026,CD-A,4924,36.6243,Auxiliar Contable,25/3/2026,6:21:16 p. m.,INVENTARIO,CHICCO,1 1 05 18 05 4 8058664116904,8058664116904,DISPENSADOR DE FRUTA MALLA,CONTABILIZANDO CANJE DE CRISTI,1,0,100.3407369
CD-A,COMPROBANTE DE DIARIO,4924,25/3/2026,CD-A,4924,36.6243,Auxiliar Contable,25/3/2026,6:21:16 p. m.,INVENTARIO,CHICCO,1 1 05 18 05 8 8058664175574,8058664175574,PASTA DENTAL-TOOTHPASTE MENTA 6Y+ FLUOR,CONTABILIZANDO CANJE DE CRISTI,1,0,76.2777507
CD-A,COMPROBANTE DE DIARIO,4924,25/3/2026,CD-A,4924,36.6243,Auxiliar Contable,25/3/2026,6:21:16 p. m.,INVENTARIO,CHICCO,1 1 05 18 05 5 8058664129386,8058664129386,NUEV GEL DE BAÑO BM 500ML KIDS LT1025,CONTABILIZANDO CANJE DE CRISTI,1,0,169.1388184
CD-A,COMPROBANTE DE DIARIO,4924,25/3/2026,CD-A,4924,36.6243,Auxiliar Contable,25/3/2026,6:21:16 p. m.,INVENTARIO,CHICCO,1 1 05 18 05 1 8058664121502,8058664121502,VASO ENTRENADOR GLOWING CUP 14M+ PINK,CONTABILIZANDO CANJE DE CRISTI,1,0,332.041482
CD-A,COMPROBANTE DE DIARIO,4924,25/3/2026,CD-A,4924,36.6243,Auxiliar Contable,25/3/2026,6:21:16 p. m.,GASTOS DE OPERACION,GASTOS DE VENTA,6 1 01 02 03  218,218,CERTIFICADOS / CUPONES DE REGALO,CONTABILIZANDO CANJE DE CRISTI,0,1424.06,0
CD-A,COMPROBANTE DE DIARIO,4925,25/3/2026,CD-A,4925,36.6243,Auxiliar Contable,25/3/2026,6:47:32 p. m.,INVENTARIO,CHICCO,1 1 05 18 05 7 8003670677178,8003670677178,DESINFECTANTE MULTISUPERFIC CHICC 1LT10241121,CONTABILIZANDO CANJE DE CRISTI,1,0,94.7307
CD-A,COMPROBANTE DE DIARIO,4925,25/3/2026,CD-A,4925,36.6243,Auxiliar Contable,25/3/2026,6:47:32 p. m.,INVENTARIO,CHICCO,1 1 05 18 05 9 8058664115617,8058664115617,ANTIMOSQUITO BRAZALETE C/CITRONELA,CONTABILIZANDO CANJE DE CRISTI,8,0,280.0567894
CD-A,COMPROBANTE DE DIARIO,4925,25/3/2026,CD-A,4925,36.6243,Auxiliar Contable,25/3/2026,6:47:32 p. m.,INVENTARIO,CHICCO,1 1 05 18 05 5 8058664138654,8058664138654,NUEV CREMA P/CUERPO BM 200ML LT1025,CONTABILIZANDO CANJE DE CRISTI,2,0,161.9887031
CD-A,COMPROBANTE DE DIARIO,4925,25/3/2026,CD-A,4925,36.6243,Auxiliar Contable,25/3/2026,6:47:32 p. m.,INVENTARIO,CHICCO,1 1 05 18 05 5 8058664173785,8058664173785,NUEV TOALLAS HUMED BIODEGRADABLE 60PZ LT1025,CONTABILIZANDO CANJE DE CRISTI,1,0,68.01124415
CD-A,COMPROBANTE DE DIARIO,4925,25/3/2026,CD-A,4925,36.6243,Auxiliar Contable,25/3/2026,6:47:32 p. m.,INVENTARIO,CHICCO,1 1 05 18 05 5 8058664173730,8058664173730,NUEV TOALLAS HUMEDAS C/COVER 72PZ LT 1025,CONTABILIZANDO CANJE DE CRISTI,1,0,65.83105465
CD-A,COMPROBANTE DE DIARIO,4925,25/3/2026,CD-A,4925,36.6243,Auxiliar Contable,25/3/2026,6:47:32 p. m.,INVENTARIO,CHICCO,1 1 05 18 05 5 8058664166367,8058664166367,REPELENTE NATURALZ PROTECT GEL 60ML,CONTABILIZANDO CANJE DE CRISTI,1,0,98.87815324
CD-A,COMPROBANTE DE DIARIO,4925,25/3/2026,CD-A,4925,36.6243,Auxiliar Contable,25/3/2026,6:47:32 p. m.,INVENTARIO,CHICCO,1 1 05 18 05 9 8058664166343,8058664166343,REPELENTE NATURALZ SPRAY 100ML,CONTABILIZANDO CANJE DE CRISTI,1,0,111.9515738
CD-A,COMPROBANTE DE DIARIO,4925,25/3/2026,CD-A,4925,36.6243,Auxiliar Contable,25/3/2026,6:47:32 p. m.,INVENTARIO,TOYS,1 1 05 05 02  8058664029327,8058664029327,FIRST ACTIVITY RATTLE GIRAFFE,CONTABILIZANDO CANJE DE CRISTI,2,0,526.3753748
CD-A,COMPROBANTE DE DIARIO,4925,25/3/2026,CD-A,4925,36.6243,Auxiliar Contable,25/3/2026,6:47:32 p. m.,INVENTARIO,CHICCO,1 1 05 18 05 5 8058664175888,8058664175888,NUEV CREMA CAMBIO DE PAÑAL 100ML. LT 1025,CONTABILIZANDO CANJE DE CRISTI,1,0,130.6649645
CD-A,COMPROBANTE DE DIARIO,4925,25/3/2026,CD-A,4925,36.6243,Auxiliar Contable,25/3/2026,6:47:32 p. m.,INVENTARIO,CHICCO,1 1 05 18 05 5 8058664138449,8058664138449,NUEV GEL D BAÑOYCHAMPU BM 200ML LT1025,CONTABILIZANDO CANJE DE CRISTI,1,0,78.69156636
CD-A,COMPROBANTE DE DIARIO,4925,25/3/2026,CD-A,4925,36.6243,Auxiliar Contable,25/3/2026,6:47:32 p. m.,INVENTARIO,CHICCO,1 1 05 18 05 8 8058664155798,8058664155798,ORAL SET KIT GUM GEL + FINGERSTALL,CONTABILIZANDO CANJE DE CRISTI,1,0,178.4454588
CD-A,COMPROBANTE DE DIARIO,4925,25/3/2026,CD-A,4925,36.6243,Auxiliar Contable,25/3/2026,6:47:32 p. m.,INVENTARIO,CHICCO,1 1 05 18 05 8 8058664138715,8058664138715,PASTA DENTAL-TOOTHPASTE FRUTI MIX 1-5Y FLUOR,CONTABILIZANDO CANJE DE CRISTI,1,0,73.30441724
CD-A,COMPROBANTE DE DIARIO,4925,25/3/2026,CD-A,4925,36.6243,Auxiliar Contable,25/3/2026,6:47:32 p. m.,GASTOS DE OPERACION,GASTOS DE VENTA,6 1 01 02 03  218,218,CERTIFICADOS / CUPONES DE REGALO,CONTABILIZANDO CANJE DE CRISTI,0,1868.93,0
CD-A,COMPROBANTE DE DIARIO,4926,26/3/2026,CD-A,4926,36.6243,LORENA HERRERA,26/3/2026,10:32:25 a. m.,INVENTARIO,BELLAGIO,1 1 05 19 01 04 7415802402304,7415802402304,CALCETIN ESC PUÑO NA BLANCO T8,RECLASIFCICACION DE INVENTARIO,2,38.4380692,0
CD-A,COMPROBANTE DE DIARIO,4926,26/3/2026,CD-A,4926,36.6243,LORENA HERRERA,26/3/2026,10:32:25 a. m.,INVENTARIO,BELLAGIO,1 1 05 19 01 04 7415802402298,7415802402298,CALCETIN ESC PUÑO NA BLANCO T6,RECLASIFCICACION DE INVENTARIO,2,0,38.438077
CD-A,COMPROBANTE DE DIARIO,4926,26/3/2026,CD-A,4926,36.6243,LORENA HERRERA,26/3/2026,10:32:25 a. m.,INVENTARIO,CHICCO,1 1 05 18 05 1 8058664081363,8058664081363,VASO ENTRENADOR ADVANCE 12M+ 266ML SURT,RECLASIFCICACION DE INVENTARIO,6,1992.2489,0
CD-A,COMPROBANTE DE DIARIO,4926,26/3/2026,CD-A,4926,36.6243,LORENA HERRERA,26/3/2026,10:32:25 a. m.,INVENTARIO,CHICCO,1 1 05 18 05 1 8058664121502,8058664121502,VASO ENTRENADOR GLOWING CUP 14M+ PINK,RECLASIFCICACION DE INVENTARIO,6,0,1992.248892
CD-A,COMPROBANTE DE DIARIO,4927,26/3/2026,CD-A,4927,36.6243,Auxiliar Contable,26/3/2026,1:25:29 p. m.,INVENTARIO,SWEET CAREFOR,1 1 05 25 1  850026693287,850026693287,SWEET CAREFOR 99.9% Water Baby Wipes/Toallas,DESCARGA DE INVENTARIO CANASTA,4,0,164.4133338
CD-A,COMPROBANTE DE DIARIO,4927,26/3/2026,CD-A,4927,36.6243,Auxiliar Contable,26/3/2026,1:25:29 p. m.,INVENTARIO,NUVEL,1 1 05 22 2  7501082731286,7501082731286,NUVEL DESODORANTE ROLL ON ADDICTION 55 ML 24,DESCARGA DE INVENTARIO CANASTA,4,0,60.26839373
CD-A,COMPROBANTE DE DIARIO,4927,26/3/2026,CD-A,4927,36.6243,Auxiliar Contable,26/3/2026,1:25:29 p. m.,INVENTARIO,NUVEL,1 1 05 22 2  7501082731293,7501082731293,NUVEL DESODORANTE ROLL ON ROCK STAR 55 ML 24,DESCARGA DE INVENTARIO CANASTA,4,0,60.26839736
CD-A,COMPROBANTE DE DIARIO,4927,26/3/2026,CD-A,4927,36.6243,Auxiliar Contable,26/3/2026,1:25:29 p. m.,INVENTARIO,NUVEL,1 1 05 22 2  7501082731354,7501082731354,NUVEL DESODORANTE ROLL ON TWILIGHT 55 ML 24,DESCARGA DE INVENTARIO CANASTA,4,0,60.26839736
CD-A,COMPROBANTE DE DIARIO,4927,26/3/2026,CD-A,4927,36.6243,Auxiliar Contable,26/3/2026,1:25:29 p. m.,INVENTARIO,NUVEL,1 1 05 22 3  7501082721294,7501082721294,NUVEL DESMAQUILLANTE BIFASICO NUVEL 125ML 24,DESCARGA DE INVENTARIO CANASTA,3,0,75.77864668
CD-A,COMPROBANTE DE DIARIO,4927,26/3/2026,CD-A,4927,36.6243,Auxiliar Contable,26/3/2026,1:25:29 p. m.,INVENTARIO,NUVEL,1 1 05 22 3  7501082790535,7501082790535,NUVEL GEL LIMPIADOR FACIAL 125ML 24. 700451,DESCARGA DE INVENTARIO CANASTA,3,0,51.84854773
CD-A,COMPROBANTE DE DIARIO,4927,26/3/2026,CD-A,4927,36.6243,Auxiliar Contable,26/3/2026,1:25:29 p. m.,INVENTARIO,NUVEL,1 1 05 22 2  7501082790023,7501082790023,NUVEL TALCO PARA BEBE 100 G 12. 700416,DESCARGA DE INVENTARIO CANASTA,3,0,53.17799767
CD-A,COMPROBANTE DE DIARIO,4927,26/3/2026,CD-A,4927,36.6243,Auxiliar Contable,26/3/2026,1:25:29 p. m.,GASTOS DE OPERACION,GASTOS DE VENTA,6 1 01 02 03  208,208,PRODUCTO BONIFICADO / REGALIA,DESCARGA DE INVENTARIO CANASTA,0,526.0237143,0
CD-A,COMPROBANTE DE DIARIO,4928,26/3/2026,CD-A,4928,36.6243,LORENA HERRERA,26/3/2026,2:33:14 p. m.,INVENTARIO,CHICCO,1 1 05 18 05 4 8058664143481,8058664143481,MORDEDOR FRESH FUNNY TEETHER 6M+ 2816030,RECLASIFCICACION DE INVENTARIO,84,0,9826.0088
CD-A,COMPROBANTE DE DIARIO,4928,26/3/2026,CD-A,4928,36.6243,LORENA HERRERA,26/3/2026,2:33:14 p. m.,INVENTARIO,CHICCO,1 1 05 18 05 4 8058664143443,8058664143443,MORDEDOR FRESH TEETHER MIX 4M+,RECLASIFCICACION DE INVENTARIO,84,9826.0088,0
CD-A,COMPROBANTE DE DIARIO,4929,27/3/2026,CD-A,4929,36.6243,LORENA HERRERA,27/3/2026,9:34:49 a. m.,INVENTARIO,CHICCO,1 1 05 18 05 3 8058664153992,8058664153992,BIBERON PERFECT5 PP UNI 300 FAST SIL,RECLASIFICACION DE INVENETARIO,6,918.0188537,0
CD-A,COMPROBANTE DE DIARIO,4929,27/3/2026,CD-A,4929,36.6243,LORENA HERRERA,27/3/2026,9:34:49 a. m.,INVENTARIO,CHICCO,1 1 05 18 05 3 8058664153985,8058664153985,BIBERON PERFECT5 PP BOY 300 FAST SIL,RECLASIFICACION DE INVENETARIO,1,152.6807589,0
CD-A,COMPROBANTE DE DIARIO,4929,27/3/2026,CD-A,4929,36.6243,LORENA HERRERA,27/3/2026,9:34:49 a. m.,INVENTARIO,CHICCO,1 1 05 18 05 3 8058664153879,8058664153879,BIBERON PERFECT5 PP UNI 150 SLOW SIL,RECLASIFICACION DE INVENETARIO,20,2846.404051,0
CD-A,COMPROBANTE DE DIARIO,4929,27/3/2026,CD-A,4929,36.6243,LORENA HERRERA,27/3/2026,9:34:49 a. m.,INVENTARIO,CHICCO,1 1 05 18 05 3 8058664153978,8058664153978,BIBERON PERFECT5 PP GRL 300 FAST SIL,RECLASIFICACION DE INVENETARIO,15,2289.325822,0
CD-A,COMPROBANTE DE DIARIO,4929,27/3/2026,CD-A,4929,36.6243,LORENA HERRERA,27/3/2026,9:34:49 a. m.,INVENTARIO,CHICCO,1 1 05 18 05 3 8058664153855,8058664153855,BIBERON PERFECT5 PP GRL 150 SLOW SIL,RECLASIFICACION DE INVENETARIO,1,141.0483966,0
CD-A,COMPROBANTE DE DIARIO,4929,27/3/2026,CD-A,4929,36.6243,LORENA HERRERA,27/3/2026,9:34:49 a. m.,INVENTARIO,CHICCO,1 1 05 18 05 3 8058664153923,8058664153923,BIBERON PERFECT5 PP BOY 240 MEDIUM SIL,RECLASIFICACION DE INVENETARIO,14,0,2136.470634
CD-A,COMPROBANTE DE DIARIO,4929,27/3/2026,CD-A,4929,36.6243,LORENA HERRERA,27/3/2026,9:34:49 a. m.,INVENTARIO,CHICCO,1 1 05 18 05 3 8058664153930,8058664153930,BIBERON PERFECT5 PP UNI 240 MEDIUM SIL,RECLASIFICACION DE INVENETARIO,4,610.3420628,0
CD-A,COMPROBANTE DE DIARIO,4929,27/3/2026,CD-A,4929,36.6243,LORENA HERRERA,27/3/2026,9:34:49 a. m.,INVENTARIO,CHICCO,1 1 05 18 9 2 8058664037803.,8058664037803,COCHE TROLLEYME STROLLER LIME 79865550,RECLASIFICACION DE INVENETARIO,1,0,3561.69761
CD-A,COMPROBANTE DE DIARIO,4929,27/3/2026,CD-A,4929,36.6243,LORENA HERRERA,27/3/2026,9:34:49 a. m.,INVENTARIO,CHICCO,1 1 05 18 04 3 8058664153619,8058664153619,BIBERON NATURAL 0M 150ML ROSA NUEVO,RECLASIFICACION DE INVENETARIO,8,0,1057.744528
CD-A,COMPROBANTE DE DIARIO,4929,27/3/2026,CD-A,4929,36.6243,LORENA HERRERA,27/3/2026,9:34:49 a. m.,INVENTARIO,CHICCO,1 1 05 18 05 3 8058664153657,8058664153657,BIBERON NATURAL 0M 150ML NEUTRO NUEVO,RECLASIFICACION DE INVENETARIO,1,0,138.4852636
CD-A,COMPROBANTE DE DIARIO,4929,27/3/2026,CD-A,4929,36.6243,LORENA HERRERA,27/3/2026,9:34:49 a. m.,INVENTARIO,CHICCO,1 1 05 18 05 5 8058664133680,8058664133680,NUEV JABON BARRA BM 100GR LT1025,RECLASIFICACION DE INVENETARIO,1,0,37.51922249
CD-A,COMPROBANTE DE DIARIO,4929,27/3/2026,CD-A,4929,36.6243,LORENA HERRERA,27/3/2026,9:34:49 a. m.,INVENTARIO,FACELA,1 1 05 16 01 09 768497111226,768497111226,PT11122-LAPIZ TRIANGULAR DOCENA,RECLASIFICACION DE INVENETARIO,1,0,25.90268706
CD-A,COMPROBANTE DE DIARIO,4930,27/3/2026,CD-A,4930,36.6243,Auxiliar Contable,27/3/2026,3:15:56 p. m.,INVENTARIO,CHICCO,1 1 05 18 05 1 8058664086665,8058664086665,SET DE PLATOS WEANING SET 6M+ GIRL,DESCARGA DE INVENTARIO SET CHI,1,389.1688995,0
CD-A,COMPROBANTE DE DIARIO,4930,27/3/2026,CD-A,4930,36.6243,Auxiliar Contable,27/3/2026,3:15:56 p. m.,GASTOS DE OPERACION,GASTOS DE VENTA,6 1 01 02 03  208,208,PRODUCTO BONIFICADO / REGALIA,DESCARGA DE INVENTARIO SET CHI,0,0,389.1688995
CD-A,COMPROBANTE DE DIARIO,4931,27/3/2026,CD-A,4931,36.6243,LORENA HERRERA,27/3/2026,3:51:06 p. m.,INVENTARIO,CHICCO,1 1 05 18 05 1 8058664081264,8058664081264,VASO ENTRENADOR SURT TRANS 4M 200ML,RECLASIFCICACION DE INVENTARIO,14,2408.313118,0
CD-A,COMPROBANTE DE DIARIO,4931,27/3/2026,CD-A,4931,36.6243,LORENA HERRERA,27/3/2026,3:51:06 p. m.,INVENTARIO,CHICCO,1 1 05 18 05 1 8058664069989,8058664069989,VASO ENTRENADOR TRANSICION 4M+ NIÑO 7OZ,RECLASIFCICACION DE INVENTARIO,60,10260.8509,0
CD-A,COMPROBANTE DE DIARIO,4931,27/3/2026,CD-A,4931,36.6243,LORENA HERRERA,27/3/2026,3:51:06 p. m.,INVENTARIO,CHICCO,1 1 05 18 05 1 8058664070015,8058664070015,VASO ENTRENADOR TRAINING CUP 6M BOY,RECLASIFCICACION DE INVENTARIO,59,0,9171.541454
CD-A,COMPROBANTE DE DIARIO,4931,27/3/2026,CD-A,4931,36.6243,LORENA HERRERA,27/3/2026,3:51:06 p. m.,INVENTARIO,CHICCO,1 1 05 18 05 1 8058664069972,8058664069972,VASO ENTRENADOR TRANSICION 4M NIñA 7OZ,RECLASIFCICACION DE INVENTARIO,6,0,1032.270631
CD-A,COMPROBANTE DE DIARIO,4931,27/3/2026,CD-A,4931,36.6243,LORENA HERRERA,27/3/2026,3:51:06 p. m.,INVENTARIO,CHICCO,1 1 05 18 05 1 8058664069972,8058664069972,VASO ENTRENADOR TRANSICION 4M NIñA 7OZ,RECLASIFCICACION DE INVENTARIO,8,0,1376.360842
CD-A,COMPROBANTE DE DIARIO,4931,27/3/2026,CD-A,4931,36.6243,LORENA HERRERA,27/3/2026,3:51:06 p. m.,INVENTARIO,CHICCO,1 1 05 18 05 1 8058664070008,8058664070008,VASO ENTRENADOR TRAINING CUP 6M+ GIRL,RECLASIFCICACION DE INVENTARIO,7,0,1088.991091
CD-A,COMPROBANTE DE DIARIO,4932,27/3/2026,CD-A,4932,36.6243,LORENA HERRERA,27/3/2026,3:52:34 p. m.,INVENTARIO,CHICCO,1 1 05 18 05 3 8058664153855,8058664153855,BIBERON PERFECT5 PP GRL 150 SLOW SIL,RECLASIFCICACION DE INVENTARIO,6,853.9212154,0
CD-A,COMPROBANTE DE DIARIO,4932,27/3/2026,CD-A,4932,36.6243,LORENA HERRERA,27/3/2026,3:52:34 p. m.,INVENTARIO,CHICCO,1 1 05 18 05 3 8058664153879,8058664153879,BIBERON PERFECT5 PP UNI 150 SLOW SIL,RECLASIFCICACION DE INVENTARIO,6,0,853.9212154
CD-A,COMPROBANTE DE DIARIO,4933,31/3/2026,CD-A,4933,36.6243,LORENA HERRERA,31/3/2026,2:53:28 p. m.,INVENTARIO,BELLAGIO,1 1 05 19 01 06 7415802401536,7415802401536,CALCETIN BB DPTVO CORTO 12-24M 3PK 60CO2,RECLASIFCICACION DE INVENTARIO,12,0,574.5565
CD-A,COMPROBANTE DE DIARIO,4933,31/3/2026,CD-A,4933,36.6243,LORENA HERRERA,31/3/2026,2:53:28 p. m.,INVENTARIO,BELLAGIO,1 1 05 19 01 06 7415802401635,7415802401635,CALCETIN BB DPTVO CORTO 0-12M 3PK 60CO1,RECLASIFCICACION DE INVENTARIO,3,574.5565,0
CD-A,COMPROBANTE DE DIARIO,4934,31/3/2026,CD-A,4934,36.6243,LORENA HERRERA,31/3/2026,3:49:17 p. m.,INVENTARIO,BELLAGIO,1 1 05 19 01 04 7415802404025,7415802404025,PUNTERA BB DECO SURT 12-24 NIñA,RECLASIFICACION DE INVENTARIO,12,570.1159572,0
CD-A,COMPROBANTE DE DIARIO,4934,31/3/2026,CD-A,4934,36.6243,LORENA HERRERA,31/3/2026,3:49:17 p. m.,INVENTARIO,BELLAGIO,1 1 05 19 01 04 7415802404087,7415802404087,PUNTERA BB DECO SURT 12-24 NIñO,RECLASIFICACION DE INVENTARIO,12,0,570.1159572
CD-A,COMPROBANTE DE DIARIO,4935,31/3/2026,CD-A,4935,36.6243,LORENA HERRERA,31/3/2026,4:38:32 p. m.,INVENTARIO,FACELA,1 1 05 16 01 06 768497124080,768497124080,PT12408-BORRADOR BLANCO FACELA BLISTER 2 UND,RECLASIFICACION DE INVENETARIO,33,221.5171572,0
CD-A,COMPROBANTE DE DIARIO,4935,31/3/2026,CD-A,4935,36.6243,LORENA HERRERA,31/3/2026,4:38:32 p. m.,INVENTARIO,FACELA,1 1 05 16 01 06 768497838284,768497838284,PT83828-BLISTER BORRADOR FACELA,RECLASIFICACION DE INVENETARIO,39,0,221.5172083
CD-A,COMPROBANTE DE DIARIO,4935,31/3/2026,CD-A,4935,36.6243,LORENA HERRERA,31/3/2026,4:38:32 p. m.,INVENTARIO,FACELA,1 1 05 16 01 09 768497111035,768497111035,PT11103-LAPIZ ARISTOS DOCENA,RECLASIFICACION DE INVENETARIO,24,519.0102,0
CD-A,COMPROBANTE DE DIARIO,4935,31/3/2026,CD-A,4935,36.6243,LORENA HERRERA,31/3/2026,4:38:32 p. m.,INVENTARIO,FACELA,1 1 05 16 01 09 768497111127,768497111127,PT11112-LAPIZ ESCOLAR SURTIDO DOCENA,RECLASIFICACION DE INVENETARIO,24,0,519.0102137
CD-A,COMPROBANTE DE DIARIO,4935,31/3/2026,CD-A,4935,36.6243,LORENA HERRERA,31/3/2026,4:38:32 p. m.,INVENTARIO,FACELA,1 1 05 16 01 10 768497014558,768497014558,PT01455-MARCADORES TRIANGULAR C/ESTUCHE PLAST,RECLASIFICACION DE INVENETARIO,36,2119.0762,0
CD-A,COMPROBANTE DE DIARIO,4935,31/3/2026,CD-A,4935,36.6243,LORENA HERRERA,31/3/2026,4:38:32 p. m.,INVENTARIO,FACELA,1 1 05 16 01 08 768497838369,768497838369,PT83836-CRAYON SEDA NEON 6 ESTUCHE PLASTICO,RECLASIFICACION DE INVENETARIO,36,0,2119.076179
CD-A,COMPROBANTE DE DIARIO,4935,31/3/2026,CD-A,4935,36.6243,LORENA HERRERA,31/3/2026,4:38:32 p. m.,INVENTARIO,CHICCO,1 1 05 18 05 5 8058664173778,8058664173778,NUEV TOALLAS HUMEDAS DELICADAS C/COVER 72PZ+F,RECLASIFICACION DE INVENETARIO,12,0,830.2112638
CD-A,COMPROBANTE DE DIARIO,4935,31/3/2026,CD-A,4935,36.6243,LORENA HERRERA,31/3/2026,4:38:32 p. m.,INVENTARIO,CHICCO,1 1 05 18 01 02 8058664080199,8058664080199,TOALLAS HUME CHICCO 72Z S/COVER LT 1023034060,RECLASIFICACION DE INVENETARIO,12,830.2113,0
CD-A,COMPROBANTE DE DIARIO,4935,31/3/2026,CD-A,4935,36.6243,LORENA HERRERA,31/3/2026,4:38:32 p. m.,INVENTARIO,CHICCO,1 1 05 18 05 1 8058664081363,8058664081363,VASO ENTRENADOR ADVANCE 12M+ 266ML SURT,RECLASIFICACION DE INVENETARIO,6,1992.2489,0
CD-A,COMPROBANTE DE DIARIO,4935,31/3/2026,CD-A,4935,36.6243,LORENA HERRERA,31/3/2026,4:38:32 p. m.,INVENTARIO,CHICCO,1 1 05 18 05 1 8058664121502,8058664121502,VASO ENTRENADOR GLOWING CUP 14M+ PINK,RECLASIFICACION DE INVENETARIO,6,0,1992.248892
