Código,Denominación,Saldo Anterior,Cargos,Abonos,Saldo Actual
11010101201,CAJA PRINCIPAL C$,100000.00,200000.00,150000.00,150000.00
11010101301,CAJA PRINCIPAL US,40000.00,30000.00,20000.00,50000.00
11020101301,Depósitos en Cuenta Corriente con intereses ME (LA FISE),400000.00,300000.00,200000.00,500000.00
11040101201,Caja Chica,8000.00,5000.00,3000.00,10000.00
14010101301,Cartera de Créditos,750000.00,200000.00,100000.00,850000.00
21010101201,Proveedores por Pagar,200000.00,50000.00,100000.00,250000.00
22010101201,Préstamos Bancarios,500000.00,0.00,50000.00,550000.00
31010101201,Capital Social,598000.00,0.00,0.00,598000.00
41010101201,Ingresos por Intereses,0.00,0.00,162000.00,162000.00
