Codigo,Denominacion,Cargos,Abonos,"Saldo Actual"
15010901201,"Otros Bienes Recibido en Recuperación de Créditos","                    -  ","                           -  ","                     -  "
18050101201,Vehiculos,"                    -  ","                           -  ","                     -  "
19110101201,"Gastos de Organización e Instalación","                    -  ","                           -  ",25824.48
27010401101,"Provisiones para Otros Gastos","                    -  ","                           -  ","                     -  "
31010101201,"Capital Sucrito Ordinario","                    -  ","                           -  ",-4500000.00
38010101201,"Utilidadades Acumuladas con Acuerdo de Distribución","                    -  ","                           -  ",-4026425.24
45010101201,"Ingresos por Ajustes Monetarios (Fondos Disponibles)","                    -  ","                           -  ",-114.99
53020401201,"Amortización de Software","                    -  ","                           -  ",1403.81
54040301203,"Mantenimiento y reparación de equipo de oficina y computo","                    -  ","                           -  ",16786.02
